Unnamed: 0,Unnamed: 1,Unnamed: 2,Unnamed: 3,Unnamed: 4,Unnamed: 5,Unnamed: 6,Unnamed: 7,Unnamed: 8,Unnamed: 9,Unnamed: 10,Unnamed: 11,Unnamed: 12,Unnamed: 13,Unnamed: 14,Unnamed: 15,Unnamed: 16,Unnamed: 17,Unnamed: 18,Unnamed: 19,ยอดเงินยกมาจากเดือน มี.ค 2569,Unnamed: 21,Unnamed: 22,Unnamed: 23,Unnamed: 24,Unnamed: 25,Unnamed: 26,467685.7919999999,ยอดเงินโอนข้ามเดือน,Unnamed: 29,Unnamed: 30,Unnamed: 31,Unnamed: 32,Unnamed: 33,Unnamed: 34,Unnamed: 35,Unnamed: 36,Unnamed: 37,Unnamed: 38,Unnamed: 39,Unnamed: 40,Unnamed: 41,Unnamed: 42,Unnamed: 43,Unnamed: 44,Unnamed: 45,Unnamed: 46,Unnamed: 47,Unnamed: 48,ยอดเงินโอนออกยกมาจากเดือน มี.ค 2569,Unnamed: 50,Unnamed: 51,Unnamed: 52,Unnamed: 53,0,Unnamed: 55,Unnamed: 56,Unnamed: 57,Unnamed: 58,Unnamed: 59,Unnamed: 60,Unnamed: 61,Unnamed: 62,Unnamed: 63,Unnamed: 64,Unnamed: 65,Unnamed: 66
No.มีผู้เช่า,Zone,No.,,Room No.,Room Type,น้ำ (แรกเข้า),ไฟ (แรกเข้า),น้ำ (ล่าสุด),ไฟ (ล่าสุด),ยูนิตน้ำ,ยูนิตไฟ 8 บาท,ยูนิตไฟ 10 บาท,วันที่โอนประกัน+ล่วงหน้า,หมายเหตุ (บช.โอนเข้า),ค่าประกัน,ค่าเช่าล่วงหน้า,ค่าประกัน router,ค่าน้ำ (บาท),Vat7% ค่าน้ำ,ค่าไฟ (บาท),Vat7% ค่าไฟ,ค่าห้องเดือน (เม.ย) 2569 (บาท),Internet จ่ายพร้อมค่าเช่า เม.ย,Vat7% Internet จ่ายพร้อมค่าเช่า,Internet จ่ายแยกจากค่าเช่า,วันที่จ่าย ค่าเช่าในเดือน (เม.ย),จำนวนเงิน (บาท),วันที่จ่าย ค่าเช่าข้ามไปเดือน พ.ค,จำนวนเงิน (บาท),บัญชีรับโอนค่าเช่า,,ค่าประกัน,ค่าเช่าล่วงหน้า/ค่าห้อง,รายวัน,ค่าทำความสะอาด,Vat7% ค่าทำความสะอาด,ค่าปรับ,Vat7% ค่าปรับ,ค่าน้ำ,Vat7% ค่าน้ำ,ค่าไฟ,Vat7% ค่าไฟ,ค่า Internet,Vat7% internet,น้ำ (แรกเข้า),ไฟ (แรกเข้า),น้ำ (ล่าสุด),ไฟ (ล่าสุด),ยูนิตน้ำ,ยูนิตไฟ 8 บาท,ยูนิตไฟ 10 บาท,ค่าใช้จ่ายทั้งสิ้น,คืนประกัน router,ยอดเงินโอนคืนผู้เช่าย้ายออก (เม.ย),วันที่คืนเงินย้ายออก (เม.ย),เงินโอนคืนผู้เช่าย้ายออก (พ.ค),วันที่คืนเงินย้ายออก (พ.ค),วันที่ย้ายออก/คืน router,บัญชีที่ใช้โอนคืน,เงินประกัน+ล่วงหน้า (คงเหลือ),ประกัน router คงเหลือ,วันเข้าพัก,ระยะเวลา,ประมาณวันย้ายออก,สถานะ,หมายเหตุ
,ผู้รับเหมาคุณน้ำฝน,,,,,0,996,,1028,0,,32,,,,,,0,0,320,22.400000000000002,,,,,,,2569-05-02 00:00:00,342.4,บจก. เอ็มเอส เทท 1983859190,,,,,,,,,,,,,,,,,,,,,,,,,,,,,,,,,,,,
ไฟล์แยก,E,1,Aohong,1001,Suite,0,0,0,0,0,0,,,,,,,0,0,0,0,,,,,,,,0,,,,,,,,,,,,,,,,,,,,,,,,,,,,,,,,,,,,,
ไฟล์แยก,E,2,Aohong,1002,Suite,,,,,,,,,,,,,,0,,0,,,,,,,,,,,,,,,,,,,,,,,,,,,,,,,,,,,,,,,,,,,,,
,E,3,,1003,Studio,0,0,0,0,0,,0,,,,,,0,0,0,0,0,,,,,,,0,,,,,,,,,,,,,,,,,,,,,,,,,,,,,,,,,,,,,
,E,4,ออฟฟิศ,1004,Suite,,,,,,,,,,,,,,0,,0,,,,,,,,,,,,,,,,,,,,,,,,,,,,,,,,,,,,,,,,,,,,,
,E,5,ออฟฟิศ2,1005,Suite,,,,,,,,,,,,,,0,,0,,,,,,,,,,,,,,,,,,,,,,,,,,,,,,,,,,,,,,,,,,,,,
ไฟล์แยก,E,6,ไท่ซาน,1006,Suite,0,0,0,0,0,,0,,,,,,0,0,0,0,0,0,0,,,,,0,,,,,,,,,,,,,,,,,,,,,,,,,,,,,,,,,157/12/2568,,,,
1,E,7,ทั่วไป,1007,Suite,124,2280,171,3592,47,,1312,,,,,,1410,98.7,13120,918.4000000000001,13600,,,,,,2569-05-06 00:00:00,29147.100000000002,บจก. เอ็มเอส เทท 1983859190,,,,,,,,,,,,,,,,,,,,,,,,,,,,,,27200,,2568-11-27 00:00:00,,,,
,E,8,จงเคอ,1008,Suite ส่วนพนักงาน,0,0,0,0,0,,0,,,,,,0,0,0,0,0,,,,2569-04-25 00:00:00,600.0025,,,KBANK คุณณรงค์ 0581083912,,,,,,,560.75,39.252500000000005,,,,,,,,,,,,,,,,,,,,,,,,2568-12-01 00:00:00,,,,
ไฟล์แยก,E,9,จงเคอ,1009,Suite,0,0,0,0,0,,0,,,,,,0,0,0,0,0,,,,,0,,,,,,,,,,,,,,,,,,,,,,,,,,,,,,,,,,,2568-12-01 00:00:00,,,,
2,E,10,ทั่วไป,1010,Suite N,71,3483,83,4208,12,,725,,,,,,360,25.200000000000003,7250,507.50000000000006,13600,699,48.93000000000001,,,,2569-05-02 00:00:00,22490.63,บจก. เอ็มเอส เทท 1983859190,,,,,,,,,,,,,,,,,,,,,,,,,,,,,,27200,1000,2568-11-23 00:00:00,,,,
,E,10,ทั่วไป,1010,INTERNET,,,,,,,,,,,,,,,,,,,,,,,,0,บจก. เอ็มเอส เทท 1983859190,,,,,,,,,,,,,,,,,,,,,,,,,,,,,,,,2568-11-23 00:00:00,,,,
ไฟล์แยก,E,11,ไป่หลง,1011,Suite,0,0,0,0,0,,0,,,,,,0,0,0,0,,,,,,,,0,,,,,,,,,,,,,,,,,,,,,,,,,,,,,,,,,1/5/2568,,,,
ไฟล์แยก,E,12,ไป่หลง,1012,Suite,0,0,0,0,0,,0,,,,,,0,0,0,0,,,,,,,,0,,,,,,,,,,,,,,,,,,,,,,,,,,,,,,,,,1/5/2568,,,,
3,E,13,OUT,1013,Suite  OUT,0,0,0,0,0,,0,,,,,,0,0,0,0,0,,,,,,,0,,,13600,13600,,1000,70,500,35,330,23.1,10230,716.1,,,300,1960,311,2983,11,,1023,26504.199999999997,,,,695.8000000000029,2/5/2569,2569-04-30 00:00:00,กสิกร 0581083912,0,,2568-11-30 00:00:00,,,,
4,E,14,ทั่วไป,1014,Suite N,68,1044,84,1535,16,,491,,,,,,480,33.6,4910,343.70000000000005,13600,699,48.93000000000001,,,,2569-05-03 00:00:00,20115.23,บจก. เอ็มเอส เทท 1983859190,,,,,,,,,,,,,,,,,,,,,,,,,,,,,,27200,,2568-11-30 00:00:00,,,,
ไฟล์แยก,E,15,ดาวู,1015,Suite,0,0,0,0,0,,0,,,,,,0,0,0,0,0,,,,,,,0,,,,,,,,,,,,,,,,,,,,,,,,,,,,,,,,,2568-11-30 00:00:00,,,,
ไฟล์แยก,E,16,สตาร์ฮับ,1016,Suite,0,0,0,0,0,,0,,,,,,0,0,0,0,0,,,,,,,0,,,,,,,,,,,,,,,,,,,,,,,,,,,,,,,,,,,,,
ไฟล์แยก,E,17,เฟยจิน,1017,Suite,,,,,,,,,,,,,0,0,0,0,,,,,,,,,,,,,,,,,,,,,,,,,,,,,,,,,,,,,,,,,24/11/2568,,,,
5,E,18,ทั่วไป,1018,Suite,73,2819,90,3601,17,,782,,,,,,510,35.7,7820,547.4000000000001,13600,,,,,,6 - 12 /5/2569,22513.100000000002,บจก. เอ็มเอส เทท 1983859190,,,,,,,,,,,,,,,,,,,,,,,,,,,,,,27200,,2568-12-03 00:00:00,,,,
6,E,19,ทั่วไป,1019,Studio,29,1202,37,1521,8,,319,,,,,,240,16.8,3190,223.3,6800,,,,,,2569-05-02 00:00:00,10470.099999999999,บจก. เอ็มเอส เทท 1983859190,,,,,,,,,,,,,,,,,,,,,,,,,,,,,,13600,,2568-12-17 00:00:00,,,,
ไฟล์แยก,E,20,ไท่ซาน,1020,Suite,0,0,0,0,0,,0,,,,,,0,0,0,0,0,,,,,,,0,,,,,,,,,,,,,,,,,,,,,,,,,,,,,,,0,,2568-12-03 00:00:00,,,,
ไฟล์แยก,E,21,รันเนอจี,1021,INTERNET พนง.,,,,,,,,,,,,,,0,,0,,349.5,24.465000000000003,,2569-04-15 00:00:00,373.96,,,บจก. เอ็มเอส เทท 1983859190,,,,,,,,,,,,,,,,,,,,,,,,,,,,,,0,,2568-03-05 00:00:00,,,,
ไฟล์แยก,E,22,เฟยจิน,1022,Suite,0,0,0,0,0,0,,,,,,,0,0,0,0,,,,,,,,0,,,,,,,,,,,,,,,,,,,,,,,,,,,,,,,0,,2568-06-19 00:00:00,,,,
ไฟล์แยก,E,23,อู้ฟู่ใช้เข้าห้องน้ำ,1023,Suite,0,0,0,0,0,,0,,,,,,0,0,0,0,0,,,,,,,0,,,,,,,,,,,,,,,,,,,,,,,,,,,,,,,,,,,,,
7,E,24,ทั่วไป,1024,Suite,128,5679,149,6865,21,,1186,,,,,,630,44.1,11860,830.2,13600,,,,,,2569-05-02 00:00:00,26964.300000000003,บจก. เอ็มเอส เทท 1983859190,,,,,,,,,,,,,,,,,,,,,,,,,,,,,,27200,,2568-10-14 00:00:00,,,,
8,E,25,ทั่วไป,1025,Suite,101,2512,101,2512,0,,0,2569-04-25 00:00:00,KBANK คุณณรงค์ 0581083912,13600,13600,,0,0,0,0,3173.33,,,,,,เงินสด 9/5/69,3173.33,บจก. เอ็มเอส เทท 1983859190,,,,,,,,,,,,,,,,,,,,,,,,,,,,,,27200,,2569-04-24 00:00:00,,,,
ไฟล์แยก,E,26,สตาร์ฮับ,1026,Suite ,0,0,0,0,0,,0,,,,,,0,0,0,0,,,,,,,,,,,,,,,,,,,,,,,,,,,,,,,,,,,,,,,,,,,,,
ไฟล์แยก,E,27,สตาร์ฮับ,1027,Suite,,,,,,,,,,,,,0,0,0,0,,,,,,,,,,,,,,,,,,,,,,,,,,,,,,,,,,,,,,,0,,,,,,
ไฟล์แยก,E,28,นิคม,1028,Suite,,,,,,,,,,,,,,0,,0,,,,,,,,,,,,,,,,,,,,,,,,,,,,,,,,,,,,,,,0,,2568-06-01 00:00:00,,,,
ไฟล์แยก,E,29,นิคม,1029,Suite N ส่วนพนักงาน ,0,0,0,0,0,0,,,,,,,0,0,0,0,4900,699,48.93000000000001,,2569-04-28 00:00:00,5647.93,,,บจก. เอ็มเอส เทท 1983859190,,,,,,,,,,,,,,,,,,,,,,,,,,,,,,0,1000,2568-07-01 00:00:00,,,,
ไฟล์แยก,E,30,สตาร์ฮับ,1030,Suite,0,0,0,0,0,,0,,,,,,0,0,0,0,0,,,,,,,0,,,,,,,,,,,,,,,,,,,,,,,,,,,,,,,,,,,,,
9,E,31,ทั่วไป (เหิงไท่),1031,Suite N,49,772,58,1288,9,,516,2569-04-01 00:00:00,บจก. เอ็มเอส เทท 1983859190,13600,13600,1000,270,18.900000000000002,5160,361.20000000000005,13600,652.4,45.668,,,,2569-05-02 00:00:00,20108.168,บจก. เอ็มเอส เทท 1983859190,,,,,,,,,,,,,,,,,,,,,,,,,,,,,,27200,1000,2569-04-01 00:00:00,,,,
10,E,32,ทั่วไป,1032,Suite N,132,9044,138,9886,6,842,,,,,,,180,12.600000000000001,6736,471.52000000000004,13600,699,48.93000000000001,,,,2569-05-12 00:00:00,21748.050000000003,บจก. เอ็มเอส เทท 1983859190,,,,,,,,,,,,,,,,,,,,,,,,,,,,,,20000,,2567-10-05 00:00:00,1ปี,2568-10-05 00:00:00,,
10,,,,,,,,,,,,,,,,,,,,,,,,,,,,,,,,,,,,,,,,,,,,,,,,,,,,,,,,,,,,,,,,,,
ไฟล์แยก,S,1,เดลทัล,2001,Studio,,,,,,,,,,,,,,0,,0,,,,,,,,0,,,,,,,,,,,,,,,,,,,,,,,,,,,,,,,,,,,,,
ไฟล์แยก,S,2,เดลทัล,2002,Studio,,,,,,,,,,,,,,0,,0,,,,,,,,,,,,,,,,,,,,,,,,,,,,,,,,,,,,,,,,,,,,,
ไฟล์แยก,S,3,เดลทัล,2003,Studio,,,,,,,,,,,,,,0,,0,,,,,,,,,,,,,,,,,,,,,,,,,,,,,,,,,,,,,,,,,,,,,
ไฟล์แยก,S,4,เดลทัล,2004,Studio,,,,,,,,,,,,,,0,,0,,,,,,,,,,,,,,,,,,,,,,,,,,,,,,,,,,,,,,,,,,,,,
ไฟล์แยก,S,5,เดลทัล,2005,Studio,,,,,,,,,,,,,,0,,0,,,,,,,,,,,,,,,,,,,,,,,,,,,,,,,,,,,,,,,,,,,,,
ไฟล์แยก,S,6,เดลทัล,2006,Studio,,,,,,,,,,,,,,0,,0,,,,,,,,,,,,,,,,,,,,,,,,,,,,,,,,,,,,,,,,,,,,,
ไฟล์แยก,S,7,เดลทัล,2007,Studio,,,,,,,,,,,,,,0,,0,,,,,,,,,,,,,,,,,,,,,,,,,,,,,,,,,,,,,,,,,,,,,
ไฟล์แยก,S,8,เดลทัล,2008,Studio,,,,,,,,,,,,,,0,,0,,,,,,,,,,,,,,,,,,,,,,,,,,,,,,,,,,,,,,,,,,,,,
ไฟล์แยก,S,9,เดลทัล,2009,INTERNET พนง.,,,,,,,,,,,,,,0,,0,,699,48.93000000000001,,,,2569-05-12 00:00:00,747.9300000000001,บจก. เอ็มเอส เทท 1983859190,,,,,,,,,,,,,,,,,,,,,,,,,,,,,,,,,,,,
ไฟล์แยก,S,10,เดลทัล,2010,Studio,,,,,,,,,,,,,,0,,0,,,,,,,,,,,,,,,,,,,,,,,,,,,,,,,,,,,,,,,,,,,,,
ไฟล์แยก,S,11,เดลทัล,2011,Studio,,,,,,,,,,,,,,0,,0,,,,,,,,,,,,,,,,,,,,,,,,,,,,,,,,,,,,,,,,,,,,,
ไฟล์แยก,S,12,เดลทัล,2012,Studio,,,,,,,,,,,,,,0,,0,,,,,,,,,,,,,,,,,,,,,,,,,,,,,,,,,,,,,,,,,,,,,
ไฟล์แยก,S,13,เดลทัล,2013,Studio,,,,,,,,,,,,,,0,,0,,,,,,,,,,,,,,,,,,,,,,,,,,,,,,,,,,,,,,,,,,,,,
ไฟล์แยก,S,14,เดลทัล,2014,Studio,,,,,,,,,,,,,,0,,0,,,,,,,,,,,,,,,,,,,,,,,,,,,,,,,,,,,,,,,,,,,,,
ไฟล์แยก,S,15,เดลทัล,2015,Studio,,,,,,,,,,,,,,0,,0,,,,,,,,,,,,,,,,,,,,,,,,,,,,,,,,,,,,,,,,,,,,,
ไฟล์แยก,S,16,เดลทัล,2016,Studio,,,,,,,,,,,,,,0,,0,,,,,,,,,,,,,,,,,,,,,,,,,,,,,,,,,,,,,,,,,,,,,
ไฟล์แยก,S,17,เดลทัล,2017,Studio,,,,,,,,,,,,,,0,,0,,,,,,,,,,,,,,,,,,,,,,,,,,,,,,,,,,,,,,,,,,,,,
ไฟล์แยก,S,18,เดลทัล,2018,INTERNET พนง.,,,,,,,,,,,,,,0,,0,,0,0,,,,,0,บจก. เอ็มเอส เทท 1983859190,,,,,,,,,,,,,,,,,,,,,,,,,,,,,,,,,,,,
ไฟล์แยก,S,19,เดลทัล,2019,Studio,,,,,,,,,,,,,,0,,0,,,,,,,,,,,,,,,,,,,,,,,,,,,,,,,,,,,,,,,,,,,,,
ไฟล์แยก,S,20,เดลทัล,2020,Studio,,,,,,,,,,,,,,0,,0,,,,,,,,,,,,,,,,,,,,,,,,,,,,,,,,,,,,,,,,,,,,,
ไฟล์แยก,S,21,สตาร์ฮับ,2021,Studio,0,0,0,0,0,0,,,,,,,0,0,0,0,,,,,,,,0,-,,,,,,,,,,,,,,,,,,,,,,,,,,,,,,,,,,,,
1,S,22,ทั่วไป,2022,Studio  N,76,2821,79,2994,3,,173,,,,,,90,6.300000000000001,1730,121.10000000000001,6800,699,48.93000000000001,,,,2569-05-05 00:00:00,9495.33,บจก. เอ็มเอส เทท 1983859190,,,,,,,,,,,,,,,,,,,,,,,,,,,,,,13600,1000,8/1/2569,,,,
2,S,23,OUT 15/4/69,2023,Studio,0,0,0,0,0,,0,,,,,,0,0,0,0,0,,,,,,,0,,,6800,6800,,500,35,,0,120,8.4,2030,142.10000000000002,,,46,2919,50,3122,4,,203,9635.5,,3964.5,2569-04-25 00:00:00,,,2569-04-15 00:00:00,กสิกร 0581083912,0,,17/1/2569,,,,
ไฟล์แยก,S,24,หัวเฉิง,2024,Studio,0,0,0,0,0,0,,,,,,,0,0,0,0,,,,,,0,,,,,,,,,,,,,,,,,,,,,,,,,,,,,,,,,0,,2567-11-23 00:00:00,2เดือน,,,
3,S,25,OUT,2025,Studio   OUT,0,0,0,0,0,,0,,,,,,0,0,0,0,0,,,,,,,0,,,6800,6800,,300,21.000000000000004,,0,240,16.8,3660,256.20000000000005,,,57,3721,65,4087,8,,366,11294,,,,2306,2569-05-12 00:00:00,2569-05-02 00:00:00,กสิกร 0581083912,13600,,2569-01-10 00:00:00,,,,
ไฟล์แยก,S,26,ไทยเตียว,2026,Studio,0,0,0,0,0,0,,,,,,,0,0,0,0,,,,,,,,0,,,,,,,,,,,,,,,,,,,,,,,,,,,,,,,,,,,,,
4,S,27,OUT 17/4/69,2027,Studio,0,0,0,0,0,,0,,,,,,0,0,0,0,0,,,,,,,0,,,6800,6800,,500,35,,0,120,8.4,2500,175.00000000000003,,,79,3829,83,4079,4,,250,10138.4,,3461.6000000000004,2569-04-25 00:00:00,,,2569-04-17 00:00:00,กสิกร 0581083912,0,,17/1/2569,,,,
ไฟล์แยก,S,28,หัวเฉิง,2028,Studio,0,0,0,0,0,0,,,,,,,0,0,0,0,,,,,,,,0,,,,,,,,,,,,,,,,,,,,,,,,,,,,,,,,,31/8/2568,,,,
ไฟล์แยก,S,29,เดลตัน,2029,Studio,,,,,,,,,,,,,,0,,0,,,,,,,,,-,,,,,,,,,,,,,,,,,,,,,,,,,,,,,,ยอดคงเหลืออยู่ไฟล์เดลตัน,,-,-,-,-,
ไฟล์แยก,S,30,เดลตัน,2030,Studio,,,,,,,,,,,,,,0,,0,,,,,,,,,-,,,,,,,,,,,,,,,,,,,,,,,,,,,,,,ยอดคงเหลืออยู่ไฟล์เดลตัน,,,,,,
ไฟล์แยก,S,31,เดลตัน,2031,Studio,,,,,,,,,,,,,,0,,0,,,,,,,,,,,,,,,,,,,,,,,,,,,,,,,,,,,,,,,,,,,,,
ไฟล์แยก,S,32,เดลตัน,2032,INTERNET พนง.,,,,,,,,,,,,,,0,,0,,699,48.93000000000001,,,,2569-05-09 00:00:00,747.9300000000001,บจก. เอ็มเอส เทท 1983859190,,,,,,,,,,,,,,,,,,,,,,,,,,,,,,,,,,,,
ไฟล์แยก,S,33,เดลตัน,2033,Studio,,,,,,,,,,,,,,0,,0,,,,,,,,,,,,,,,,,,,,,,,,,,,,,,,,,,,,,,,,,,,,,
ไฟล์แยก,S,34,เดลตัน,2034,Studio,,,,,,,,,,,,,,0,,0,,,,,,,,,,,,,,,,,,,,,,,,,,,,,,,,,,,,,,,,,,,,,
ไฟล์แยก,S,35,เดลตัน,2035,Studio,,,,,,,,,,,,,,0,,0,,,,,,,,,,,,,,,,,,,,,,,,,,,,,,,,,,,,,,,,,,,,,
ไฟล์แยก,S,36,เดลตัน,2036,Studio,,,,,,,,,,,,,,0,,0,,,,,,,,,,,,,,,,,,,,,,,,,,,,,,,,,,,,,,,,,,,,,
ไฟล์แยก,S,37,เดลตัน,2037,Studio,,,,,,,,,,,,,,0,,0,,,,,,,,,,,,,,,,,,,,,,,,,,,,,,,,,,,,,,,,,,,,,
ไฟล์แยก,S,38,เดลตัน,2038,Studio,,,,,,,,,,,,,,0,,0,,,,,,,,,,,,,,,,,,,,,,,,,,,,,,,,,,,,,,,,,,,,,
ไฟล์แยก,S,39,เดลตัน,2039,Studio,,,,,,,,,,,,,,0,,0,,,,,,,,,,,,,,,,,,,,,,,,,,,,,,,,,,,,,,,,,,,,,
ไฟล์แยก,S,40,เดลตัน,2040,Studio,,,,,,,,,,,,,,0,,0,,,,,,,,,,,,,,,,,,,,,,,,,,,,,,,,,,,,,,,,,,,,,
ไฟล์แยก,S,41,เดลตัน,2041,Studio,,,,,,,,,,,,,,0,,0,,,,,,,,,,,,,,,,,,,,,,,,,,,,,,,,,,,,,,,,,,,,,
ไฟล์แยก,S,42,เดลตัน,2042,Studio,,,,,,,,,,,,,,0,,0,,,,,,,,,,,,,,,,,,,,,,,,,,,,,,,,,,,,,,,,,,,,,
ไฟล์แยก,S,43,เดลตัน,2043,Studio,,,,,,,,,,,,,,0,,0,,,,,,,,,,,,,,,,,,,,,,,,,,,,,,,,,,,,,,,,,,,,,
ไฟล์แยก,S,44,เดลตัน,2044,Studio,,,,,,,,,,,,,,0,,0,,,,,,,,,,,,,,,,,,,,,,,,,,,,,,,,,,,,,,,,,,,,,
ไฟล์แยก,S,45,เดลตัน,2045,Studio,,,,,,,,,,,,,,0,,0,,,,,,,,,,,,,,,,,,,,,,,,,,,,,,,,,,,,,,,,,,,,,
ไฟล์แยก,S,46,เดลตัน,2046,Studio,,,,,,,,,,,,,,0,,0,,,,,,,,,,,,,,,,,,,,,,,,,,,,,,,,,,,,,,,,,,,,,
ไฟล์แยก,S,47,เดลตัน,2047,Studio,,,,,,,,,,,,,,0,,0,,,,,,,,,,,,,,,,,,,,,,,,,,,,,,,,,,,,,,,,,,,,,
ไฟล์แยก,S,48,เดลตัน,2048,Studio,,,,,,,,,,,,,,0,,0,,,,,,,,,,,,,,,,,,,,,,,,,,,,,,,,,,,,,,,,,,,,,
ไฟล์แยก,S,49,เฟยจิน,2049,Studio,0,0,0,0,0,0,,,,,,,0,0,0,0,,,,,,,,0,,,,,,,,,,,,,,,,,,,,,,,,,,,,,,,,,,,,,
ไฟล์แยก,S,50,จงเคอ,2050,INTERNET พนง.,0,0,0,0,0,,0,,,,,,0,0,0,0,0,699,48.93000000000001,,,,2569-05-02 00:00:00,747.9300000000001,บจก. เอ็มเอส เทท 1983859190,,,,,,,,,,,,,,,,,,,,,,,,,,,,,,,1000,2569-01-20 00:00:00,,,,
ไฟล์แยก,S,51,คินววอง,2051,INTERNET พนง.,0,0,0,0,0,0,,,,,,,0,0,0,0,,699,48.93000000000001,,2569-04-29 00:00:00,747.9300000000001,,,บจก. เอ็มเอส เทท 1983859190,,,,,,,,,,,,,,,,,,,,,,,,,,,,,,,1000,,,,,
ไฟล์แยก,S,52,คินววอง,2052,Studio,0,0,0,0,0,0,,,,,,,0,0,0,0,,,,,,,,0,,,,,,,,,,,,,,,,,,,,,,,,,,,,,,,,,,,,,
ไฟล์แยก,S,53,คินววอง,2053,Studio,0,0,0,0,0,0,,,,,,,0,0,0,0,,,,,,,,0,,,,,,,,,,,,,,,,,,,,,,,,,,,,,,,,,,,,,
ไฟล์แยก,S,54,คินววอง,2054,INTERNET พนง.,0,0,0,0,0,0,,,,,,,0,0,0,0,,699,48.93000000000001,,2569-04-29 00:00:00,747.9300000000001,,,บจก. เอ็มเอส เทท 1983859190,,,,,,,,,,,,,,,,,,,,,,,,,,,,,,,1000,,,,,
ไฟล์แยก,S,55,คินววอง,2055,Studio,0,0,0,0,0,0,,,,,,,0,0,0,0,,,,,,,,0,,,,,,,,,,,,,,,,,,,,,,,,,,,,,,,,,,,,,
ไฟล์แยก,S,56,คินววอง,2056,Studio,0,0,0,0,0,0,,,,,,,0,0,0,0,,,,,,,,0,,,,,,,,,,,,,,,,,,,,,,,,,,,,,,,,,,,,,
ไฟล์แยก,S,57,คินววอง,2057,Studio,0,0,0,0,0,0,,,,,,,0,0,0,0,,,,,,,,0,,,,,,,,,,,,,,,,,,,,,,,,,,,,,,,,,,,,,
ไฟล์แยก,S,58,คินววอง,2058,Studio,0,0,0,0,0,0,,,,,,,0,0,0,0,,,,,,,,0,,,,,,,,,,,,,,,,,,,,,,,,,,,,,,,,,,,,,
4,,,,,,,,,,,,,,,,,,,,,,,,,,,,,,,,,,,,,,,,,,,,,,,,,,,,,,,,,,,,,,,,,,
ไฟล์แยก,C,1,ยู่เฟิง,3001,Suite ,,,,,,,,,,,,,,,,,,,,,,,,,,,,,,,,,,,,,,,,,,,,,,,,,,,,,,,,,,,,,
1,C,2,ทั่วไป,3002,Suite,43,1992,43,1995,0,-,3,2569-04-18 00:00:00,บจก. เอ็มเอส เทท 1983859190,13600,13600,,0,0,30,2.1,6346.66,,,,,,รอชำระ,6378.76,บจก. เอ็มเอส เทท 1983859190,,,,,,,,,,,,,,,,,,,,,,,,,,,,,,27200,,2569-04-18 00:00:00,,,,
2,C,3,ทั่วไป,3003,Suite,399,6874,436,7748,37,-,874,,,,,,1110,77.7,8740,611.8000000000001,13600,,,,,,เงินสด 10/5/69,24139.5,บจก. เอ็มเอส เทท 1983859190,,,,,,,,,,,,,,,,,,,,,,,,,,,,,,27200,,2568-04-10 00:00:00,,,,
ไฟล์แยก,C,4,กว่างโจว,3004,Studio,,,,,,,,,,,,,,0,,0,,,,,,,,,,,,,,,,,,,,,,,,,,,,,,,,,,,,,,,,,,,,,
ไฟล์แยก,C,5,เมกะ,3005,Suite,0,0,0,0,0,-,0,,,,,,0,0,0,0,,,,,,,,0,,,,,,,,,,,,,,,,,,,,,,,,,,,,,,,,,2568-10-30 00:00:00,,,,
3,C,6,ทั่วไป,3006,Suite N,86,3401,89,3562,3,-,161,2569-04-25 00:00:00,KBANK คุณณรงค์ 0581083912,13600,13600,,90,6.300000000000001,1610,112.70000000000002,5893.33,279.6,19.572000000000003,,,,2569-05-12 00:00:00,8011.502,บจก. เอ็มเอส เทท 1983859190,,,,,,,,,,,,,,,,,,,,,,,,,,,,,,27200,,2569-04-18 00:00:00,,,,
,C,6,ทั่วไป,3006, INTERNET พนง,0,0,0,0,0,-,0,2569-04-25 00:00:00,KBANK คุณณรงค์ 0581083912,,,1000,0,0,0,0,0,,,,,,,0,,,,,,,,,,,,,,,,,,,,,,,,,,,,,,,,1000,2569-04-18 00:00:00,,,,
4,C,7,ทั่วไป,3007,Studio,77,2740,86,3147,9,-,407,,,,,,270,18.900000000000002,4070,284.90000000000003,6800,,,,,,2569-05-02 00:00:00,11443.8,บจก. เอ็มเอส เทท 1983859190,,,,,,,,,,,,,,,,,,,,,,,,,,,,,,13600,,2568-08-04 00:00:00,,,,
ไฟล์แยก,C,8,เมกะ,3008,Studio,0,0,0,0,0,0,,,,,,,0,0,0,0,,,,,,0,,,,,,,,,,,,,,,,,,,,,,,,,,,,,,,,,,,2568-10-22 00:00:00,,,,
5,C,9,พนง.เดลทัล,3009,Studio,66,2183,69,2364,3,181,,,,,,,90,6.300000000000001,1448,101.36000000000001,4500,,,,2569-04-30 00:00:00,6145.66,,,บจก. เอ็มเอส เทท 1983859190,,,,,,,,,,,,,,,,,,,,,,,,,,,,,,9000,,2568-04-27 00:00:00,,,,
6,C,10,พนง.เดลทัล,3010,Studio,74,2463,79,2712,5,249,,,,,,,150,10.500000000000002,1992,139.44000000000003,4500,,,,,,2569-05-06 00:00:00,6791.9400000000005,บจก. เอ็มเอส เทท 1983859190,,,,,,,,,,,,,,,,,,,,,,,,,,,,,,9000,,2568-03-17 00:00:00,2เดือน,เช่าต่อเนื่อง,,
ไฟล์แยก,C,11,ไทยเตียว,3011,Studio,,,,,,,,,,,,,,0,,0,,,,,,,,,,,,,,,,,,,,,,,,,,,,,,,,,,,,,,,,,2569-01-17 00:00:00,,,,
ไฟล์แยก,C,12,ไชน่าสเตท,3012,Studio,0,0,0,0,0,0,0,,,,,,0,0,0,0,,,,,,0,,,,,,,,,,,,,,,,,,,,,,,,,,,,,,,,,,,,,,,
ไฟล์แยก,C,13,บายมิ่ง,3013,Studio,0,0,0,0,0,0,,,,,,,0,0,0,0,0,,,,,,,0,,,,,,,,,,,,,,,,,,,,,,,,,,,,,,,,,,,,,
7,C,14,ทั่วไป,3014,Studio,42,2718,45,2867,3,0,149,,,,,,90,6.300000000000001,1490,104.30000000000001,6800,,,,,,2569-05-02 00:00:00,8490.6,บจก. เอ็มเอส เทท 1983859190,,,,,,,,,,,,,,,,,,,,,,,,,,,,,,13600,,2569-01-05 00:00:00,,,,
8,C,15,OUT,3015,Suite  OUT,0,0,0,0,0,,0,,,,,,0,0,0,0,0,,,,,,,0,,,13600,13600,,1000,70,1100,77.00000000000001,750,52.50000000000001,9380,656.6,,,127,4348,152,5286,25,,938,26686.1,,,,513.9000000000015,2569-05-12 00:00:00,2569-04-30 00:00:00,กสิกร 0581083912,0,,2569-01-10 00:00:00,,,,
,C,15,เหิงไท่,3015,INTERNET คืน router,,,,,,,,,,,,,,,,,,,,,,,,,,,,,,,,,,,,,,,,,,,,,,,,,,,1000,2569-05-02 00:00:00,2569-04-27 00:00:00,กสิกร 0581083912,,0,,,,,
ไฟล์แยก,C,16,เมกะ,3016,Suite,0,0,0,0,0,,0,,,,,,0,0,0,0,,,,,,0,,,,,,,,,,,,,,,,,,,,,,,,,,,,,,,,,,,1/11/2568,,,,
9,C,17,ทั่วไป,3017,Studio  N,95,3150,99,3632,4,,482,,,,,,120,8.4,4820,337.40000000000003,6800,699,48.93000000000001,,,,2569-05-12 00:00:00,12833.73,บจก. เอ็มเอส เทท 1983859190,,,,,,,,,,,,,,,,,,,,,,,,,,,,,,13600,,15/11/2569,,,,
10,C,18,ทั่วไป,3018,Suite,203,5846,221,6511,18,665,,,,,,,540,37.800000000000004,5320,372.40000000000003,12000,,,,,,2569-05-02 00:00:00,18270.2,บจก. เอ็มเอส เทท 1983859190,,,,,,,,,,,,,,,,,,,,,,,,,,,,,,24000,,2568-01-01 00:00:00,1 ปี,2569-01-31 00:00:00,,
11,C,19,ทั่วไป,3019,Suite,111,2435,127,3145,16,,710,,,,,,480,33.6,7100,497.00000000000006,13600,,,,,,2569-05-12 00:00:00,21710.6,บจก. เอ็มเอส เทท 1983859190,,,,,,,,,,,,,,,,,,,,,,,,,,,,,,27200,,2568-01-05 00:00:00,,,,
ไฟล์แยก,C,20,กว่างโจว,3020,Studio,0,0,0,0,0,,0,,,,,,0,0,0,0,0,,,,,,,0,,,,,,,,,,,,,,,,,,,,,,,,,,,,,,,,,,,,,
12,C,21,ทั่วไป,3021,Studio,153,3004,162,3417,9,,413,,,,,,270,18.900000000000002,4130,289.1,6800,,,,,,2569-05-02 00:00:00,11508,บจก. เอ็มเอส เทท 1983859190,,,,,,,,,,,,,,,,,,,,,,,,,,,,,,13600,,2568-12-30 00:00:00,,,,
ไฟล์แยก,C,22,ยู่เฟิง,3022,Studio,0,0,0,0,0,0,,,,,,,0,0,0,0,0,,,,,,,0,,,,,,,,,,,,,,,,,,,,,,,,,,,,,,,,,2569-01-07 00:00:00,,,,
ไฟล์แยก,C,23,ไสออนนน์,3023,Studio,0,0,0,0,0,0,0,,,,,,0,0,0,0,0,,,,,,,,,,,,,,,,,,,,,,,,,,,,,,,,,,,,,,0,,2569-02-06 00:00:00,,,,
13,C,24,พนง.เดลทัล,3024,Studio,86,2591,94,2841,8,,250,,,,,,240,16.8,2500,175.00000000000003,4500,,,,2569-04-30 00:00:00,7431.8,,,บจก. เอ็มเอส เทท 1983859190,,,,,,,,,,,,,,,,,,,,,,,,,,,,,,9000,,2568-10-28 00:00:00,,,,
ไฟล์แยก,C,25,สตาร์ฮับ,3025,Studio,,,,,,,,,,,,,,,,,,,,,,,,,,,,,,,,,,,,,,,,,,,,,,,,,,,,,,,,,,,,,
ไฟล์แยก,C,26,คินวอง,3026,Studio,0,0,0,0,0,0,,,,,,,0,0,0,0,,,,,,,,0,,,,,,,,,,,,,,,,,,,,,,,,,,,,,,,,,2569-01-16 00:00:00,,,,
ไฟล์แยก,C,27,คินวอง,3027,Studio,0,0,0,0,0,0,,,,,,,0,0,0,0,,,,,,,,0,,,,,,,,,,,,,,,,,,,,,,,,,,,,,,,,,2569-01-19 00:00:00,,,,
ไฟล์แยก,C,28,คินวอง,3028,Studio,0,0,0,0,0,0,,,,,,,0,0,0,0,,,,,,,,0,,,,,,,,,,,,,,,,,,,,,,,,,,,,,,,,,2569-01-19 00:00:00,,,,
14,C,29,ทั่วไป,3029,Suite,99,2857,99,2859,0,,2,2569-04-25 00:00:00,KBANK คุณณรงค์ 0581083912,13600,13600,,0,0,20,1.4000000000000001,3173.33,,,,,,เงินสด 9/5/69,3194.73,บจก. เอ็มเอส เทท 1983859190,,,,,,,,,,,,,,,,,,,,,,,,,,,,,,27200,,2569-04-24 00:00:00,,,,
,C,29,คืน router,3029 (2),INTERNET พนง.,0,0,0,0,0,,0,,,,,,0,0,0,0,0,0,0,,,,,0,,,,,,,,,,,,,,349.5,24.465000000000003,,,,,,,,373.96500000000003,1000,626.03,2569-04-17 00:00:00,,,,k.ณรงค์ 0581083912,,0,,,,,
ไฟล์แยก,C,30,ไท่ซาน,3030,Suite,0,0,0,0,0,0,,,,,,,0,0,0,0,0,,,,,,,0,,,,,,,,,,,,,,,,,,,,,,,,,,,,,,,,,,,,,
ไฟล์แยก,C,31,ไท่ซาน,3031,Studio,0,0,0,0,0,,0,,,,,,0,0,0,0,,,,,,,,0,,,,,,,,,,,,,,,,,,,,,,,,,,,,,,,,,2569-01-03 00:00:00,,,,
ไฟล์แยก,C,32,ไท่ซาน,3032,Suite,,,,,,,,,,,,,0,0,0,0,,,,,,,,0,,,,,,,,,,,,,,,,,,,,,,,,,,,,,,,,,,,,,
ไฟล์แยก,C,33,บ.เมกะ,3033,Studio,0,0,0,0,0,,0,,,,,,0,0,0,0,,,,,,,,0,,,,,,,,,,,,,,,,,,,,,,,,,,,,,,,0,,2568-09-10 00:00:00,,,,
ไฟล์แยก,C,34,สตาร์ฮับ,3034,Studio,0,0,0,0,0,,0,,,,,,0,0,0,0,,,,,,,,0,,,,,,,,,,,,,,,,,,,,,,,,,,,,,,,,,2568-11-15 00:00:00,,,,
ไฟล์แยก,C,35,ฟาร์อีส,3035,Suite,,,,,,,,,,,,,,0,,0,,,,,,,,,,,,,,,,,,,,,,,,,,,,,,,,,,,,,,,0,,2568-03-12 00:00:00,,,,
ไฟล์แยก,C,36,คินวอง,3036,Studio,0,0,0,0,0,0,,,,,,,0,0,0,0,,,,,,,,0,,,,,,,,,,,,,,,,,,,,,,,,,,,,,,,,,2569-01-09 00:00:00,,,,
15,C,37,ทั่วไป,3037,Studio,29,1316,33,1709,4,,393,,,,,,120,8.4,3930,275.1,6800,,,,,,2569-05-08 00:00:00,11133.5,บจก. เอ็มเอส เทท 1983859190,,,,,,,,,,,,,,,,,,,,,,,,,,,,,,13600,,2568-12-26 00:00:00,,,,
ไฟล์แยก,C,38,คินวอง,3038,Studio,                                                                                                                                                                                                                                                                                                                                 ,,,,,,,,,,,,0,0,0,0,,,,,,,,0,,,,,,,,,,,,,,,,,,,,,,,,,,,,,,,,,2569-01-09 00:00:00,,,,
16,C,39,ทั่วไป,3039,Studio,75,3057,85,3539,10,,482,,,,,,300,21.000000000000004,4820,337.40000000000003,6800,,,,,,2569-05-06 00:00:00,12278.4,บจก. เอ็มเอส เทท 1983859190,,,,,,,,,,,,,,,,,,,,,,,,,,,,,,13600,,2569-01-18 00:00:00,,,,
ไฟล์แยก,C,40,Aohong,3040,Studio,,,,,,,,,,,,,,0,,0,,,,,,,,,,,,,,,,,,,,,,,,,,,,,,,,,,,,,,,,,,,,,
17,C,41,พนง.เดลทัล,3041,Studio,71,2017,75,2179,4,,162,,,,,,120,8.4,1620,113.4,4500,,,,2569-04-30 00:00:00,6361.8,,,บจก. เอ็มเอส เทท 1983859190,,,,,,,,,,,,,,,,,,,,,,,,,,,,,,9000,,2568-08-02 00:00:00,,,,
ไฟล์แยก,C,42,กว่างโจว,3042,Studio,,,,,,,,,,,,,,0,,0,,,,,,,,,,,,,,,,,,,,,,,,,,,,,,,,,,,,,,,,,2568-09-20 00:00:00,,,,
18,C,43,ทั่วไป,3043,Studio,51,2500,58,2783,7,,283,,,,,,210,14.700000000000001,2830,198.10000000000002,6800,,,,,,2569-05-02 00:00:00,10052.8,บจก. เอ็มเอส เทท 1983859190,,,,,,,,,,,,,,,,,,,,,,,,,,,,,,13600,,2568-12-09 00:00:00,,,,
18,,,,,,,,,,,,,,,,,,,,,,,,,,,,,,,,,,,,,,,,,,,,,,,,,,,,,,,,,,,,,,,,,,
1,W,1,OUT,4001,Studio  OUT,0,0,0,0,0,,0,,,,,,0,0,0,0,0,,,,,,2569-05-12 00:00:00,4445.699999999997,บจก. เอ็มเอส เทท 1983859190,,6800,6800,,300,21.000000000000004,1500,105.00000000000001,480,33.6,8230,576.1,,,85,3919,101,4742,16,,823,18045.699999999997,,,,,ติดลบต้องชำระเพิ่ม,2569-04-30 00:00:00,,00:00:00,,2568-12-04 00:00:00,,,,
ไฟล์แยก,W,2,ไทซิง,4002,Studio,0,0,0,0,0,,0,,,,,,0,0,0,0,0,,0,,,,,0,,,,,,,,,,,,,,,,,,,,,,,,,,,,,,,,,,,,,
ไฟล์แยก,W,3,ยูโลจี,4003,INTERNET พนง.,0,0,0,0,0,0,,,,,,,0,0,0,0,,699,48.93000000000001,,,,2569-04-07 00:00:00,747.9300000000001,บจก. เอ็มเอส เทท 1983859190,,,,,,,,,,,,,,,,,,,,,,,,,,,,,,,,,,,,
ไฟล์แยก,W,4,กว่างโจว,4004,Studio,0,0,0,0,0,0,,,,,,,0,0,0,0,,,,,,,,0,,,,,,,,,,,,,,,,,,,,,,,,,,,,,,,,,2568-10-10 00:00:00,,,,
ไฟล์แยก,W,5,กว่างโจว,4005,Studio,0,0,0,0,0,0,,,,,,,0,0,0,0,,,,,,,,0,,,,,,,,,,,,,,,,,,,,,,,,,,,,,,,,,2568-10-12 00:00:00,,,,
ไฟล์แยก,W,6,กว่างโจว,4006,Studio,0,0,0,0,0,,0,,,,,,0,0,0,0,0,,,,,,,0,,,,,,,,,,,,,,,,,,,,,,,,,,,,,,,,,,,,,
ไฟล์แยก,W,7,ไสออนนน์,4007,INTERNET พนง.,0,0,0,0,0,,0,,,,,,0,0,0,0,,699,48.93000000000001,,2569-04-30 00:00:00,747.9300000000001,,,บจก. เอ็มเอส เทท 1983859190,,,,,,,,,,,,,,,,,,,,,,,,,,,,,,,1000,,,,,
ไฟล์แยก,W,8,กว่างโจว,4008,INTERNET พนง.,,,,,,,,,,,,,,0,,0,,302.9,21.203,,2569-04-09 00:00:00,299.9959,2569-05-01 00:00:00,324.10299999999995,บจก. เอ็มเอส เทท 1983859190,,,,,,,280.37,19.6259,,,,,,,,,,,,,,,,,,,,,,0,1000,2568-03-03 00:00:00,,,,
ไฟล์แยก,W,9,เดลตัน,4009,Studio,0,0,0,0,0,,0,,,,,,0,0,0,0,,,,,,0,,0,,,,,,,,,,,,,,,,,,,,,,,,,,,,,,,0,,,,,,
2,W,10,ทั่วไป,4010,Studio,37,1635,43,2131,6,,496,,,,,,180,12.600000000000001,4960,347.20000000000005,6800,,,,,,เงินสด 11/5/69,12299.8,บจก. เอ็มเอส เทท 1983859190,,,,,,,,,,,,,,,,,,,,,,,,,,,,,,13600,,2568-10-26 00:00:00,,,,
ไฟล์แยก,W,11,เดลตัน,4011,Studio,,,,,,,,,,,,,,0,,0,,,,,,,,,,,,,,,,,,,,,,,,,,,,,,,,,,,,,,,,,,,,,
ไฟล์แยก,W,12,เดลตัน,4012,Studio,,,,,,,,,,,,,,0,,0,,,,,,,,,,,,,,,,,,,,,,,,,,,,,,,,,,,,,,,,,,,,,
ไฟล์แยก,W,13,เดลตัน,4013,Studio,,,,,,,,,,,,,,0,,0,,,,,,,,,,,,,,,,,,,,,,,,,,,,,,,,,,,,,,,,,,,,,
ไฟล์แยก,W,14,เดลตัน,4014,Studio,,,,,,,,,,,,,,0,,0,,,,,,,,,,,,,,,,,,,,,,,,,,,,,,,,,,,,,,,,,,,,,
ไฟล์แยก,W,15,เดลตัน,4015,Studio,,,,,,,,,,,,,,0,,0,,,,,,,,,,,,,,,,,,,,,,,,,,,,,,,,,,,,,,,,,,,,,
ไฟล์แยก,W,16,เดลตัน,4016,Studio,,,,,,,,,,,,,,0,,0,,,,,,,,,,,,,,,,,,,,,,,,,,,,,,,,,,,,,,,,,,,,,
ไฟล์แยก,W,17,เดลตัน,4017,Studio,,,,,,,,,,,,,,0,,0,,,,,,,,,,,,,,,,,,,,,,,,,,,,,,,,,,,,,,,,,,,,,
ไฟล์แยก,W,18,เดลตัน,4018,Studio,,,,,,,,,,,,,,0,,0,,,,,,,,,,,,,,,,,,,,,,,,,,,,,,,,,,,,,,,,,,,,,
ไฟล์แยก,W,19,เดลตัน,4019,Studio,,,,,,,,,,,,,,0,,0,,,,,,,,,,,,,,,,,,,,,,,,,,,,,,,,,,,,,,,,,,,,,
ไฟล์แยก,W,20,เดลตัน,4020,Studio,,,,,,,,,,,,,,0,,0,,,,,,,,,,,,,,,,,,,,,,,,,,,,,,,,,,,,,,,,,,,,,
ไฟล์แยก,W,21,เดลตัน,4021,Studio,0,0,0,0,0,,0,,,,,,0,0,0,0,,,,,,0,,,,,,,,,,,,,,,,,,,,,,,,,,,,,,,,,,,,,,,
ไฟล์แยก,W,22,ไสออน,4022,Studio,,,,,,,,,,,,,,0,,0,,,,,,,,,,,,,,,,,,,,,,,,,,,,,,,,,,,,,,,0,,2568-05-17 00:00:00,,,,
ไฟล์แยก,W,23,ไสออน,4023,Studio,,,,,,,,,,,,,,0,,0,,,,,,,,,,,,,,,,,,,,,,,,,,,,,,,,,,,,,,,0,,2568-05-22 00:00:00,,,,
ไฟล์แยก,W,24,ไสออน,4024,Studio,,,,,,,,,,,,,,0,,0,,,,,,,,,,,,,,,,,,,,,,,,,,,,,,,,,,,,,,,0,,2568-06-22 00:00:00,,,,
ไฟล์แยก,W,25,ไสออน,4025,Studio,,,,,,,,,,,,,,0,,0,,,,,,,,,,,,,,,,,,,,,,,,,,,,,,,,,,,,,,,0,,2568-06-22 00:00:00,,,,
ไฟล์แยก,W,26,ไสออน,4026,Studio,,,,,,,,,,,,,,0,,0,,,,,,,,,,,,,,,,,,,,,,,,,,,,,,,,,,,,,,,0,,2568-07-01 00:00:00,,,,
ไฟล์แยก,W,27,เดลทัล,4027,Studio,,,,,,,,,,,,,,0,,0,,,,,,,,,,,,,,,,,,,,,,,,,,,,,,,,,,,,,,,,,,,,,
ไฟล์แยก,W,28,เดลทัล,4028,Studio,,,,,,,,,,,,,,0,,0,,,,,,,,,,,,,,,,,,,,,,,,,,,,,,,,,,,,,,,0,,,,,,
ไฟล์แยก,W,29,เดลทัล,4029,Studio,,,,,,,,,,,,,,0,,0,,,,,,,,,,,,,,,,,,,,,,,,,,,,,,,,,,,,,,,0,,,,,,
ไฟล์แยก,W,30,เดลทัล,4030,Studio,0,0,0,0,0,,0,,,,,,0,0,0,0,,0,,,,0,,,,,,,,,,,,,,,,,,,,,,,,,,,,,,,,,,,,,,,
ไฟล์แยก,W,31,เดลทัล,4031,Studio,0,0,0,0,0,,0,,,,,,0,0,0,0,,0,,,,,,0,,,,,,,,,,,,,,,,,,,,,,,,,,,,,,,,,,,,,
ไฟล์แยก,W,32,เดลทัล,4032,Studio,0,0,0,0,0,,0,,,,,,0,0,0,0,,,,,,,,0,,,,,,,,,,,,,,,,,,,,,,,,,,,,,,,,,,,,,
ไฟล์แยก,W,33,เดลทัล,4033,Studio,,,,,,,,,,,,,,0,,0,,,,,,,,,,,,,,,,,,,,,,,,,,,,,,,,,,,,,,,0,,,,,,
ไฟล์แยก,W,34,รันเนอจี,4034,Studio,0,0,0,0,0,,0,,,,,,0,0,0,0,,,,,,,,0,,,,,,,,,,,,,,,,,,,,,,,,,,,,,,,,,,,,,
ไฟล์แยก,W,35,รันเนอจี,4035,Studio,,,,,,,,,,,,,,0,,0,,,,,,,,,,,,,,,,,,,,,,,,,,,,,,,,,,,,,,,0,,2568-03-05 00:00:00,,,,
ไฟล์แยก,W,36,รันเนอจี,4036,Studio,0,0,0,0,0,,0,,,,,,0,0,0,0,,,,,,,,0,,,,,,,,,,,,,,,,,,,,,,,,,,,,,,,,,,,,,
ไฟล์แยก,W,37,รันเนอจี,4037,Studio,0,0,0,0,0,,0,,,,,,0,0,0,0,,,,,,,,0,,,,,,,,,,,,,,,,,,,,,,,,,,,,,,,,,,,,,
ไฟล์แยก,W,38,รันเนอจี,4038,Studio,0,0,0,0,0,,0,,,,,,0,0,0,0,,,,,,0,,,,,,,,,,,,,,,,,,,,,,,,,,,,,,,,,,,,,,,
ไฟล์แยก,W,39,รันเนอจี,4039,Studio,0,0,0,0,0,,0,,,,,,0,0,0,0,,,,,,0,,,,,,,,,,,,,,,,,,,,,,,,,,,,,,,,,,,,,,,
ไฟล์แยก,W,40,เดลทัล,4040,Studio,0,0,0,0,0,,0,,,,,,0,0,0,0,,,,,,0,,,,,,,,,,,,,,,,,,,,,,,,,,,,,,,,,,,,,,,
ไฟล์แยก,W,41,ไชน่าสเตท,4041,Studio,,,,,,,,,,,,,,0,,0,,,,,,,,,,,,,,,,,,,,,,,,,,,,,,,,,,,,,,,,,2568-01-17 00:00:00,6 เดือน,2568-07-31 00:00:00,,
ไฟล์แยก,W,42,ไชน่าสเตท,4042,Studio,,,,,,,,,,,,,,0,,0,,,,,,,,,,,,,,,,,,,,,,,,,,,,,,,,,,,,,,,,,2568-01-17 00:00:00,6 เดือน,2568-07-31 00:00:00,,
ไฟล์แยก,W,43,ยูไท่,4043,Studio,0,0,0,0,0,,0,,,,,,0,0,0,0,0,,,,,,,0,,,,,,,,,,,,,,,,,,,,,,,,,,,,,,,,,,,,,
ไฟล์แยก,W,44,ไสออนนน์,4044,Studio,,,,,,,,,,,,,,0,,0,,,,,,,,,,,,,,,,,,,,,,,,,,,,,,,,,,,,,,,,,,,,,
ไฟล์แยก,W,45,ไชน่าสเตท,4045,Studio,,,,,,,,,,,,,,0,,0,,,,,,,,,,,,,,,,,,,,,,,,,,,,,,,,,,,,,,,,,2568-01-17 00:00:00,6 เดือน,2568-07-31 00:00:00,,
ไฟล์แยก,W,46,ไชน่าสเตท,4046,Studio,,,,,,,,,,,,,,0,,0,,,,,,,,,,,,,,,,,,,,,,,,,,,,,,,,,,,,,,,,,2568-01-17 00:00:00,6 เดือน,2568-07-31 00:00:00,,
ไฟล์แยก,W,47,ไชน่าสเตท,4047,Studio,,,,,,,,,,,,,,0,,0,,,,,,,,,,,,,,,,,,,,,,,,,,,,,,,,,,,,,,,,,2568-01-17 00:00:00,6 เดือน,2568-07-31 00:00:00,,
ไฟล์แยก,W,48,ไชน่าสเตท,4048,Studio,,,,,,,,,,,,,,0,,0,,,,,,,,,,,,,,,,,,,,,,,,,,,,,,,,,,,,,,,,,2568-01-17 00:00:00,6 เดือน,2568-07-31 00:00:00,,
ไฟล์แยก,W,49,ไชน่าสเตท,4049,Studio,,,,,,,,,,,,,,0,,0,,,,,,,,,,,,,,,,,,,,,,,,,,,,,,,,,,,,,,,,,2568-01-17 00:00:00,6 เดือน,2568-07-31 00:00:00,,
ไฟล์แยก,W,50,ไชน่าสเตท,4050,Studio,,,,,,,,,,,,,,0,,0,,,,,,,,,,,,,,,,,,,,,,,,,,,,,,,,,,,,,,,,,2568-01-17 00:00:00,6 เดือน,2568-07-31 00:00:00,,
ไฟล์แยก,W,51,ไท่ซาน,4051,Studio,0,0,0,0,0,,0,,,,,,0,0,0,0,0,0,,,,,,,,,,,,,,,,,,,,,,,,,,,,,,,,,,,,,0,,2568-12-12 00:00:00,,,,
ไฟล์แยก,W,52,เซียวเซียงนัน,4052,Studio,,,,,,,,,,,,,,0,,0,,,,,,,,,,,,,,,,,,,,,,,,,,,,,,,,,,,,,,,0,,2568-12-09 00:00:00,6 เดือน,,,
ไฟล์แยก,W,53,สกายเคม,4053,Studio,,,,,,,,,,,,,,0,,0,,,,,,,,,,,,,,,,,,,,,,,,,,,,,,,,,,,,,,,0,,2568-03-05 00:00:00,2 เดือน,2568-05-31 00:00:00,,
ไฟล์แยก,W,54,คินวอง,4054,Studio,,,,,,,,,,,,,,0,,0,,,,,,,,,,,,,,,,,,,,,,,,,,,,,,,,,,,,,,,,,,,,,
ไฟล์แยก,W,55,คินวอง,4055,Studio,,,,,,,,,,,,,,0,,0,,,,,,,,,,,,,,,,,,,,,,,,,,,,,,,,,,,,,,,,,,,,,
ไฟล์แยก,W,56,คินวอง,4056,Studio,,,,,,,,,,,,,,0,,0,,,,,,,,,,,,,,,,,,,,,,,,,,,,,,,,,,,,,,,,,,,,,
ไฟล์แยก,W,57,ไชน่าสเตท,4057,Studio,,,,,,,,,,,,,,0,,0,,,,,,,,,,,,,,,,,,,,,,,,,,,,,,,,,,,,,,,0,,2568-03-11 00:00:00,,,,
ไฟล์แยก,W,58,เดลทัล,4058,INTERNET พนง.,,,,,,,,2569-04-25 00:00:00,KBANK คุณณรงค์ 0581083912,,,1000,,0,,0,,442.7,30.989,,,,เงินสด 10/5/69,473.68899999999996,บจก. เอ็มเอส เทท 1983859190,,,,,,,,,,,,,,,,,,,,,,,,,,,,,,,1000,,,,,
ไฟล์แยก,W,59,เดลทัล,4059,Studio,,,,,,,,,,,,,,0,,0,,,,,,,,,,,,,,,,,,,,,,,,,,,,,,,,,,,,,,,,,,,,,
ไฟล์แยก,W,60,เดลทัล,4060,Studio,,,,,,,,,,,,,,0,,0,,,,,,,,,,,,,,,,,,,,,,,,,,,,,,,,,,,,,,,,,,,,,
ไฟล์แยก,W,61,ไทยเตียว,4061,Studio,,,,,,,,,,,,,,0,,0,,,,,,,,0,,,,,,,,,,,,,,,,,,,,,,,,,,,,,,,,,2569-01-06 00:00:00,,,,
4,W,62,OUT,4062,Studio,0,0,0,0,0,,0,,,,,,0,0,0,0,0,,,,,,,0,,,6800,6800,,800,56.00000000000001,800,56.00000000000001,120,8.4,2710,189.70000000000002,,,27,1027,31,1298,4,,271,11540.1,,,,2059.8999999999996,2569-05-02 00:00:00,2569-04-30 00:00:00,กสิกร 0581083912,0,,2569-01-12 00:00:00,,,,
ไฟล์แยก,W,63,รันเนอจี,4063,Studio,,,,,,,,,,,,,,0,,0,,,,,,,,,,,,,,,,,,,,,,,,,,,,,,,,,,,,,,,0,,2568-03-08 00:00:00,,,,
ไฟล์แยก,W,64,ฟาร์อีส,4064,Studio,0,0,0,0,0,,0,,,,,,0,0,0,0,,,,,,0,,,,,,,,,,,,,,,,,,,,,,,,,,,,,,,,,,,,,,,
ไฟล์แยก,W,65,เดลทัล,4065,Studio,,,,,,,,,,,,,,0,,0,,,,,,,,,,,,,,,,,,,,,,,,,,,,,,,,,,,,,,,0,,,,,,
ไฟล์แยก,W,66,คินวอง,4066,INTERNET พนง.,,,,,,,,,,,,,,0,,0,,699,48.93000000000001,,2569-04-30 00:00:00,747.9300000000001,,,บจก. เอ็มเอส เทท 1983859190,,,,,,,,,,,,,,,,,,,,,,,,,,,,,,,,,,,,
ไฟล์แยก,W,67,เดลทัล,4067,Studio,,,,,,,,,,,,,,0,,0,,,,,,,,,,,,,,,,,,,,,,,,,,,,,,,,,,,,,,,0,,,,,,
ไฟล์แยก,W,68,เดลทัล,4068,Studio,,,,,,,,,,,,,,0,,0,,,,,,,,,,,,,,,,,,,,,,,,,,,,,,,,,,,,,,,0,,,,,,
ไฟล์แยก,W,69,เดลทัล,4069,Studio,,,,,,,,,,,,,,0,,0,,,,,,,, ,,,,,,,,,,,,,,,,,,,,,,,,,,,,,,,,,,,,,
ไฟล์แยก,W,70,เดลทัล,4070,Studio,,,,,,,,,,,,,,0,,0,,,,,,,,,,,,,,,,,,,,,,,,,,,,,,,,,,,,,,,,,,,,,
ไฟล์แยก,W,71,เดลทัล,4071,Studio,,,,,,,,,,,,,,0,,0,,,,,,,,,,,,,,,,,,,,,,,,,,,,,,,,,,,,,,,,,,,,,
ไฟล์แยก,W,72,เดลทัล,4072,Studio,,,,,,,,,,,,,,0,,0,,,,,,,,,,,,,,,,,,,,,,,,,,,,,,,,,,,,,,,,,,,,,
ไฟล์แยก,W,73,เดลตัน,4073,Studio,,,,,,,,,,,,,,0,,0,,,,,,,,,,,,,,,,,,,,,,,,,,,,,,,,,,,,,,,,,,,,,
ไฟล์แยก,W,74,เดลทัล,4074,Studio,,,,,,,,,,,,,,0,,0,,,,,,,,,,,,,,,,,,,,,,,,,,,,,,,,,,,,,,,,,,,,,
ไฟล์แยก,W,75,เดลทัล,4075,Studio,,,,,,,,,,,,,,0,,0,,,,,,,,,,,,,,,,,,,,,,,,,,,,,,,,,,,,,,,,,,,,,
ไฟล์แยก,W,76,เดลทัล,4076,Studio,,,,,,,,,,,,,,0,,0,,,,,,,,,,,,,,,,,,,,,,,,,,,,,,,,,,,,,,,0,,,,,,
ไฟล์แยก,W,77,คินวอง,4077,INTERNET พนง.,0,0,0,0,0,,0,,,,,,0,0,0,0,0,699,48.93000000000001,,2569-04-30 00:00:00,747.9300000000001,,,บจก. เอ็มเอส เทท 1983859190,,,,,,,,,,,,,,,,,,,,,,,,,,,,,,,1000,,,,,
ไฟล์แยก,W,78,บายมิ่ง,4078,Studio,0,0,0,0,0,,0,,,,,,0,0,0,0,,,,,,,,0,,,,,,,,,,,,,,,,,,,,,,,,,,,,,,,0,,2568-09-29 00:00:00,,,,
ไฟล์แยก,W,79,บายมิ่ง,4079,Studio,0,0,0,0,0,,0,,,,,,0,0,0,0,,,,,,,,0,,,,,,,,,,,,,,,,,,,,,,,,,,,,,,,0,,2568-09-29 00:00:00,,,,
ไฟล์แยก,W,80,ฟาร์อีส,4080,Studio,,,,,,,,,,,,,,0,,0,,,,,,,,,,,,,,,,,,,,,,,,,,,,,,,,,,,,,,,,,2568-07-24 00:00:00,,,,
5,W,81,ทั่วไป,4081,Studio,49,962,53,1107,4,,145,,,,,,120,8.4,1450,101.50000000000001,6800,,,,,,2569-05-08 00:00:00,8479.9,บจก. เอ็มเอส เทท 1983859190,,,,,,,,,,,,,,,,,,,,,,,,,,,,,,13600,,2568-11-05 00:00:00,,,,
ไฟล์แยก,W,82,บายมิ่ง,4082,Studio,0,0,0,0,0,,0,,,,,,0,0,0,0,0,,,,,,,0,,,,,,,,,,,,,,,,,,,,,,,,,,,,,,,,,2568-11-06 00:00:00,,,,
ไฟล์แยก,W,83,บายมิ่ง,4083,Studio,0,0,0,0,0,,0,,,,,,0,0,0,0,0,,,,,,,0,,,,,,,,,,,,,,,,,,,,,,,,,,,,,,,0,,2568-10-27 00:00:00,,,,
ไฟล์แยก,W,84,บายมิ่ง,4084,Studio,0,0,0,0,0,,0,,,,,,0,0,0,0,0,,,,,,,0,,,,,,,,,,,,,,,,,,,,,,,,,,,,,,,0,,2568-10-27 00:00:00,,,,
ไฟล์แยก,W,85,เดลทัล,4085,Studio,,,,,,,,,,,,,,0,,0,,,,,,,,,,,,,,,,,,,,,,,,,,,,,,,,,,,,,,,,,,,,,
ไฟล์แยก,W,86,เดลทัล,4086,Studio,,,,,,,,,,,,,,0,,0,,,,,,,,,,,,,,,,,,,,,,,,,,,,,,,,,,,,,,,,,,,,,
ไฟล์แยก,W,87,ฟาร์อีส,4087,Studio,0,0,0,0,0,,0,,,,,,0,0,0,0,,,,,,,,0,,,,,,,,,,,,,,,,,,,,,,,,,,,,,,,0,,2568-07-11 00:00:00,,,,
ไฟล์แยก,W,88,คินวอง,4088,Studio,0,0,0,0,0,,0,,,,,,0,0,0,0,,,,,,0,,,,,,,,,,,,,,,,,,,,,,,,,,,,,,,,,,,,,,,
ไฟล์แยก,W,89,ไชน่าสเตท,4089,Studio,,,,,,,,,,,,,,0,,0,,,,,,,,,,,,,,,,,,,,,,,,,,,,,,,,,,,,,,,0,,,,,,
ไฟล์แยก,W,90,คินวอง,4090,Studio ,,,,,,,,,,,,,,0,,0,,,,,,,,,,,,,,,,,,,,,,,,,,,,,,,,,,,,,,,0,,,,,,
6,W,91,ทั่วไป,4091,Studio,32,1620,32,1629,0,,9,2569-04-22 00:00:00,บจก. เอ็มเอส เทท 1983859190,6800,6800,,0,0,90,6.300000000000001,2040,,,,,,2569-05-08 00:00:00,2136.3,บจก. เอ็มเอส เทท 1983859190,,,,,,,,,,,,,,,,,,,,,,,,,,,,,,13600,,2569-04-22 00:00:00,,,,
ไฟล์แยก,W,92,คินวอง,4092,INTERNET พนง.,,,,,,,,,,,,,,0,,0,,699,48.93000000000001,,,,2569-05-01 00:00:00,747.9300000000001,บจก. เอ็มเอส เทท 1983859190,,,,,,,,,,,,,,,,,,,,,,,,,,,,,,0,1000,2568-09-19 00:00:00,,,,
ไฟล์แยก,W,93,คินวอง,4093,Studio,0,0,0,0,0,0,,,,,,,0,0,0,0,,,,,,,,0,,,,,,,,,,,,,,,,,,,,,,,,,,,,,,,0,,2568-08-11 00:00:00,,,,
ไฟล์แยก,W,94,คินวอง,4094,Studio,0,0,0,0,0,0,,,,,,,0,0,0,0,,,,,,,,,,,,,,,,,,,,,,,,,,,,,,,,,,,,,,,0,,2568-08-11 00:00:00,,,,
ไฟล์แยก,W,95,คินวอง,4095,Studio,,,,,,,,,,,,,,0,,0,,,,,,,,,,,,,,,,,,,,,,,,,,,,,,,,,,,,,,,0,,2568-08-11 00:00:00,,,,
ไฟล์แยก,W,96,คินวอง,4096,Studio,0,0,0,0,0,,0,,,,,,0,0,0,0,,0,,,,0,,,,,,,,,,,,,,,,,,,,,,,,,,,,,,,,,,,2568-11-10 00:00:00,,,,
ไฟล์แยก,W,97,เดลทัล,4097,Studio,,,,,,,,,,,,,,0,,0,,,,,,,,,,,,,,,,,,,,,,,,,,,,,,,,,,,,,,,,,,,,, 
ไฟล์แยก,W,98,เดลทัล,4098,Studio,,,,,,,,,,,,,,0,,0,,,,,,,,,,,,,,,,,,,,,,,,,,,,,,,,,,,,,,,,,,,,,
ไฟล์แยก,W,99,เดลทัล,4099,Studio,,,,,,,,,,,,,,0,,0,,,,,,,,,,,,,,,,,,,,,,,,,,,,,,,,,,,,,,,,,,,,,
ไฟล์แยก,W,100,เดลทัล,4100,Studio,,,,,,,,,,,,,,0,,0,,,,,,,,,,,,,,,,,,,,,,,,,,,,,,,,,,,,,,,,,,,,,
ไฟล์แยก,W,101,ไทยเตียว,4101,Studio,0,0,0,0,0,,0,,,,,,0,0,0,0,0,,,,,,,0,,,,,,,,,,,,,,,,,,,,,,,,,,,,,,,,,2568-10-21 00:00:00,,,,
ไฟล์แยก,W,102,ไทยเตียว,4102,Studio,0,0,0,0,0,,0,,,,,,0,0,0,0,0,,,,,,,0,,,,,,,,,,,,,,,,,,,,,,,,,,,,,,,,,2568-10-19 00:00:00,,,,
ไฟล์แยก,W,103,เดลทัล,4103,Studio,,,,,,,,,,,,,,0,,0,,,,,,,,,,,,,,,,,,,,,,,,,,,,,,,,,,,,,,,,,,,,,
ไฟล์แยก,W,104,เดลทัล,4104,Studio,,,,,,,,,,,,,,0,,0,,,,,,,,,,,,,,,,,,,,,,,,,,,,,,,,,,,,,,,,,,,,,
ไฟล์แยก,W,105,เดลทัล,4105,Studio,,,,,,,,,,,,,,0,,0,,,,,,,,,,,,,,,,,,,,,,,,,,,,,,,,,,,,,,,,,,,,,
ไฟล์แยก,W,106,เดลทัล,4106,Studio,,,,,,,,,,,,,,0,,0,,,,,,,,,,,,,,,,,,,,,,,,,,,,,,,,,,,,,,,,,,,,,
ไฟล์แยก,W,107,เดลทัล,4107,INTERNET พนง.,,,,,,,,,,,,,,0,,0,,699,48.93000000000001,,2569-04-25 00:00:00,747.9300000000001,,,KBANK คุณณรงค์ 0581083912,,,,,,,,,,,,,,,,,,,,,,,,,,,,,,,,,,,,
ไฟล์แยก,W,108,ไทยเตียว,4108,Studio,0,0,0,0,0,,0,,,,,,0,0,0,0,0,,,,,,,0,,,,,,,,,,,,,,,,,,,,,,,,,,,,,,,,,2568-09-24 00:00:00,,,,
ไฟล์แยก,W,109,ไสออนนน์,4109,Studio,,,,,,,,,,,,,,0,,0,,,,,,,,,,,,,,,,,,,,,,,,,,,,,,,,,,,,,,,0,,2568-12-03 00:00:00,,,,
7,W,110,ทั่วไป,4110,Studio,28,2572,28,2984,0,,412,,,,,,0,0,4120,288.40000000000003,6800,,,,,,2569-05-02 00:00:00,11208.4,บจก. เอ็มเอส เทท 1983859190,,,,,,,,,,,,,,,,,,,,,,,,,,,,,,13600,,2568-12-30 00:00:00,,,,
ไฟล์แยก,W,111,ไท่ซาน,4111,Studio,0,0,0,0,0,,0,,,,,,0,0,0,0,0,0,0,,,,,0,,,,,,,,,,,,,,,,,,,,,,,,,,,,,,,0,,2568-12-05 00:00:00,,,,
8,W,112,OUT,4112,Studio N,0,0,0,0,0,,0,,,,,,0,0,0,0,0,0,0,,,,,0,,,6800,6800,,500,35,,0,120,8.4,5400,378.00000000000006,629.1,44.037000000000006,27,1716,31,2256,4,,540,13914.537,1000,,,685.4629999999997,2569-05-02 00:00:00,2569-04-26 00:00:00,กสิกร 0581083912,0,0,2569-03-01 00:00:00,,,,
9,W,113,ทั่วไป,4113,Studio,19,1125,23,1375,4,,250,,,,,,120,8.4,2500,175.00000000000003,6800,,,,,,2569-05-05 00:00:00,9603.4,บจก. เอ็มเอส เทท 1983859190,,,,,,,,,,,,,,,,,,,,,,,,,,,,,,13600,,2569-02-02 00:00:00,,,,
ไฟล์แยก,W,114,คินวอง,4114,Studio,,,,,,,,,,,,,,0,,0,,,,,,,,,,,,,,,,,,,,,,,,,,,,,,,,,,,,,,,,,,,,,
ไฟล์แยก,W,115,คินวอง,4115,Studio,0,0,0,0,0,,0,,,,,,0,0,0,0,,,,,,,,0,,,,,,,,,,,,,,,,,,,,,,,,,,,,,,,,,,,,,
ไฟล์แยก,W,116,คินวอง,4116,Studio,,,,,,,,,,,,,,0,,0,,,,,,,,,,,,,,,,,,,,,,,,,,,,,,,,,,,,,,,,,2568-08-14 00:00:00,,,,
ไฟล์แยก,W,117,คินวอง,4117,Studio,,,,,,,,,,,,,,0,,0,,,,,,,,,,,,,,,,,,,,,,,,,,,,,,,,,,,,,,,,,2568-07-15 00:00:00,,,,
ไฟล์แยก,W,118,คินวอง,4118,Studio,,,,,,,,,,,,,,0,,0,,,,,,,,,,,,,,,,,,,,,,,,,,,,,,,,,,,,,,,,,2568-07-15 00:00:00,,,,
ไฟล์แยก,W,119,ไท่ซาน,4119,Studio,0,0,0,0,0,,0,,,,,,0,0,0,0,0,,,,,,,0,,,,,,,,,,,,,,,,,,,,,,,,,,,,,,,,,,,,,
ไฟล์แยก,W,120,คินวอง,4120,Studio,0,0,0,0,0,,0,,,,,,0,0,0,0,,,,,,,,,,,,,,,,,,,,,,,,,,,,,,,,,,,,,,,,,,,,,
ไฟล์แยก,W,121,คินวอง,4121,Studio,0,0,0,0,0,,0,,,,,,0,0,0,0,0,,,,,,,0,,,,,,,,,,,,,,,,,,,,,,,,,,,,,,,,,2568-12-12 00:00:00,,,,
ไฟล์แยก,W,122,คินวอง,4122,INTERNET พนง.,,,,,,,,2569-04-04 00:00:00,บจก. เอ็มเอส เทท 1983859190,,,1000,,0,,0,,629.1,44.037000000000006,,,,2569-05-12 00:00:00,673.1370000000001,บจก. เอ็มเอส เทท 1983859190,,,,,,,,,,,,,,,,,,,,,,,,,,,,,,,1000,2568-12-12 00:00:00,,,,
10,W,123,พนง.เดลทัล,4123,Studio N,50,1454,56,1681,6,,227,,,,,,180,12.600000000000001,2270,158.9,4500,699,48.93000000000001,,,,2569-05-03 00:00:00,7869.43,บจก. เอ็มเอส เทท 1983859190,,,,,,,,,,,,,,,,,,,,,,,,,,,,,,9000,,2568-06-26 00:00:00,,,,
11,W,124,ทั่วไป,4124,Studio,37,1621,41,1820,4,,199,,,,,,120,8.4,1990,139.3,6800,,,,,,2569-05-12 00:00:00,9057.7,บจก. เอ็มเอส เทท 1983859190,,,,,,,,,,,,,,,,,,,,,,,,,,,,,,13600,,2569-01-01 00:00:00,,,,
ไฟล์แยก,W,126,Aohong,4125,Studio,,,,,,,,,,,,,,,,,,,,,,,,,,,,,,,,,,,,,,,,,,,,,,,,,,,,,,,,,,,,,
ไฟล์แยก,W,127,คินวอง,4126,Studio,,,,,,,,,,,,,,0,,0,,,,,,,,,,,,,,,,,,,,,,,,,,,,,,,,,,,,,,,,,,,,,
ไฟล์แยก,W,128,คินวอง,4127,Studio,,,,,,,,,,,,,,0,,0,,,,,,,,,,,,,,,,,,,,,,,,,,,,,,,,,,,,,,,,,,,,,
ไฟล์แยก,W,129,กว่างโจว,4128,Studio,0,0,0,0,0,,0,,,,,,0,0,0,0,,,,,,,,0,,,,,,,,,,,,,,,,,,,,,,,,,,,,,,,,,2568-09-21 00:00:00,,,,
ไฟล์แยก,W,130,ไสออนนน์,4129,Studio,,,,,,,,,,,,,,0,,0,,,,,,,,,,,,,,,,,,,,,,,,,,,,,,,,,,,,,,,0,,2568-06-01 00:00:00,,,,
12,W,131,พนง.เดลทัล,4130,Studio,20,504,21,648,1,,144,,,,,,30,2.1,1440,100.80000000000001,4500,,,,,,เงินสด  16/5/69,6072.9,บจก. เอ็มเอส เทท 1983859190,,,,,,,,,,,,,,,,,,,,,,,,,,,,,,9000,,2568-07-01 00:00:00,,,,
13,W,132,ทั่วไป,4131,Studio N,31,1625,37,2028,6,,403,,,,,,180,12.600000000000001,4030,282.1,6800,116.5,8.155000000000001,,,,2569-05-02 00:00:00,11429.355000000001,บจก. เอ็มเอส เทท 1983859190,,,,,,,,,,,,,,,,,,,,,,,,,,,,,,13600,,2569-01-15 00:00:00,,,,
,W,132,ทั่วไป,4131 (2),Router พนง.,0,0,0,0,0,,0,ประกัน router เข้าบัญชื พ.ค 69 (ผู้เช่าชำระเป็นเงินสด),,,,,,,,,,,,,,,,,,,,,,,,,,,,,,,,,,,,,,,,,,,,,,,,1000,,,,,
14,W,133,ทั่วไป,4132,Studio,31,1459,37,1647,6,,188,,,,,,180,12.600000000000001,1880,131.60000000000002,6800,,,,2569-04-30 00:00:00,9004.2,,,บจก. เอ็มเอส เทท 1983859190,,,,,,,,,,,,,,,,,,,,,,,,,,,,,,13600,,2569-01-30 00:00:00,,,,
ไฟล์แยก,W,134,เฟยจิน,4133,Studio,,,,,,,,,,,,,,0,,0,,,,,,,,,,,,,,,,,,,,,,,,,,,,,,,,,,,,,,,,,7/7/2568,,,,
ไฟล์แยก,W,135,เฟยจิน,4134,Studio,,,,,,,,,,,,,,0,,0,,,,,2569-04-25 00:00:00,299.9959,,,KBANK คุณณรงค์ 0581083912,,,,,,,280.37,19.6259,,,,,,,,,,,,,,,,,,,,,,,,,,,,
15,W,135,ทั่วไป,4134 (2),Studio OUT 14/5/69,,,,,,,,2569-04-25 00:00:00,KBANK คุณณรงค์ 0581083912,6800,6800,,,0,,0,,,,,,,,,,,6800,6800,,300,21.000000000000004,,0,210,14.700000000000001,2830,198.10000000000002,0,0,65,2038,72,2321,7,,283,10373.800000000001,,,,3226.199999999999,เงินสด 14/5/2569,2569-05-14 00:00:00,กสิกร 0581083912,0,,2569-04-24 00:00:00,,,,
ไฟล์แยก,W,136,เฟยจิน,4135,Studio,,,,,,,,,,,,,,0,,0,,,,,,,,,,,,,,,,,,,,,,,,,,,,,,,,,,,,,,,,,2568-09-29 00:00:00,,,,
15,W,137,OUT,4136,Studio  OUT,0,0,0,0,0,,0,,,,,,0,0,0,0,0,,,,,,,0,,,6800,6800,,300,21.000000000000004,,0,90,6.300000000000001,4020,281.40000000000003,0,0,29,1390,32,1792,3,,402,11518.699999999999,,,,2081.300000000001,2569-05-02 00:00:00,2569-04-29 00:00:00,กสิกร 0581083912,0,,2568-12-30 00:00:00,,,,
15,,,,,,,,,,,,,,,,,,,,,,,,,,,,,,,,,,,,,,,,,,,,,,,,,,,,,,,,,,,,,,,,,,
ไฟล์แยก,N,1,ฟาร์อีส,5001,Studio,,,,,,,,,,,,,,,,,,,,,,,,,,,,,,,,,,,,,,,,,,,,,,,,,,,,,,,,,,,,,
ไฟล์แยก,N,2,ฟาร์อีส,5002,Studio,,,,,,,,,,,,,,,,,,,,,,,,,,,,,,,,,,,,,,,,,,,,,,,,,,,,,,,,,,,,,
ไฟล์แยก,N,3,ซีโน ,5003,Studio,,,,,,,,,,,,,,,,,,,,,,,,,,,,,,,,,,,,,,,,,,,,,,,,,,,,,,,,,,,,,
ไฟล์แยก,N,4,ซีโน ,5004,Studio,,,,,,,,,,,,,,,,,,,,,,,,,,,,,,,,,,,,,,,,,,,,,,,,,,,,,,,,,,,,,
ไฟล์แยก,N,5,ซีโน ,5005,Studio,,,,,,,,,,,,,,,,,,,,,,,,,,,,,,,,,,,,,,,,,,,,,,,,,,,,,,,,,,,,,
ไฟล์แยก,N,6,Aohong,5006,INTERNET พนง.,,,,,,,,2569-04-09 00:00:00,บจก. เอ็มเอส เทท 1983859190,,,1000,,,,,,675.7,47.29900000000001,,,,2569-05-02 00:00:00,722.999,บจก. เอ็มเอส เทท 1983859190,,,,,,,,,,,,,,,,,,,,,,,,,,,,,,,1000,,,,,
ไฟล์แยก,N,7,Aohong,5007,Studio,,,,,,,,,,,,,,,,,,,,,,,,,,,,,,,,,,,,,,,,,,,,,,,,,,,,,,,,,,,,,
ไฟล์แยก,N,8,Aohong,5008,Studio,,,,,,,,,,,,,,,,,,,,,,,,,,,,,,,,,,,,,,,,,,,,,,,,,,,,,,,,,,,,,
ไฟล์แยก,N,9,Aohong,5009,Studio,,,,,,,,,,,,,,,,,,,,,,,,,,,,,,,,,,,,,,,,,,,,,,,,,,,,,,,,,,,,,
ไฟล์แยก,N,10,Aohong,5010,Studio,,,,,,,,,,,,,,,,,,,,,,,,,,,,,,,,,,,,,,,,,,,,,,,,,,,,,,,,,,,,,
ไฟล์แยก,N,11,Aohong,5011,Studio,,,,,,,,,,,,,,,,,,,,,,,,,,,,,,,,,,,,,,,,,,,,,,,,,,,,,,,,,,,,,
ไฟล์แยก,N,12,Aohong,5012,Studio,,,,,,,,,,,,,,,,,,,,,,,,,,,,,,,,,,,,,,,,,,,,,,,,,,,,,,,,,,,,,
1,N,13,ทั่วไป,5013,Studio,16,89,20,390,4,,301,2569-04-25 00:00:00,KBANK คุณณรงค์ 0581083912,6800,6800,,120,8.4,3010,210.70000000000002,4306.66,,,,,,2569-05-12 00:00:00,7655.76,บจก. เอ็มเอส เทท 1983859190,,,,,,,,,,,,,,,,,,,,,,,,,,,,,,13600,,2569-04-12 00:00:00,,,,
ไฟล์แยก,N,14,Aohong,5014,Studio,,,,,,,,,,,,,,,,,,,,,,,,,,,,,,,,,,,,,,,,,,,,,,,,,,,,,,,,,,,,,
ไฟล์แยก,N,15,Aohong,5015,Studio,,,,,,,,,,,,,,,,,,,,,,,,,,,,,,,,,,,,,,,,,,,,,,,,,,,,,,,,,,,,,
ไฟล์แยก,N,16,Kinwong,5016,Studio,,,,,,,,,,,,,,,,,,,,,,,,,,,,,,,,,,,,,,,,,,,,,,,,,,,,,,,,,,,,,
ไฟล์แยก,N,17,Kinwong,5017,Studio,,,,,,,,,,,,,,,,,,,,,,,,,,,,,,,,,,,,,,,,,,,,,,,,,,,,,,,,,,,,,
ไฟล์แยก,N,18,Kinwong,5018,Studio,,,,,,,,2569-04-25 00:00:00,KBANK คุณณรงค์ 0581083912,,,1000,,,,,,442.7,30.989,,,,2569-05-08 00:00:00,473.68899999999996,บจก. เอ็มเอส เทท 1983859190,,,,,,,,,,,,,,,,,,,,,,,,,,,,,,,1000,,,,,
ไฟล์แยก,N,19,Kinwong,5019,Studio,,,,,,,,,,,,,,,,,,,,,,,,,,,,,,,,,,,,,,,,,,,,,,,,,,,,,,,,,,,,,
ไฟล์แยก,N,20,Kinwong,5020,Studio,,,,,,,,,,,,,,,,,,,,,,,,,,,,,,,,,,,,,,,,,,,,,,,,,,,,,,,,,,,,,
ไฟล์แยก,N,21,Kinwong,5021,Studio,,,,,,,,ข้อมูลค่าประกัน router ย้ายไป 5049 (เนื่องจากพนักงานย้ายห้อง),,,,,,,,,,,,,,,,,,,,,,,,,,,,,,,,,,,,,,,,,,,,,,,,,,,,,
ไฟล์แยก,N,22,Kinwong,5022,INTERNET พนง.,,,,,,,,2569-04-10 00:00:00,บจก. เอ็มเอส เทท 1983859190,,,1000,,,,,,652.4,45.668,,,,2569-05-12 00:00:00,698.068,บจก. เอ็มเอส เทท 1983859190,,,,,,,,,,,,,,,,,,,,,,,,,,,,,,,1000,,,,,
ไฟล์แยก,N,23,Kinwong,5023,Studio,,,,,,,,,,,,,,,,,,,,,,,,,,,,,,,,,,,,,,,,,,,,,,,,,,,,,,,,,,,,,
ไฟล์แยก,N,24,Kinwong,5024,Studio,,,,,,,,,,,,,,,,,,,,,,,,,,,,,,,,,,,,,,,,,,,,,,,,,,,,,,,,,,,,,
ไฟล์แยก,N,25,Kinwong,5025,Studio,,,,,,,,,,,,,,,,,,,,,,,,,,,,,,,,,,,,,,,,,,,,,,,,,,,,,,,,,,,,,
ไฟล์แยก,N,26,Kinwong,5026,Studio,,,,,,,,,,,,,,,,,,,,,,,,,,,,,,,,,,,,,,,,,,,,,,,,,,,,,,,,,,,,,
ไฟล์แยก,N,27,Kinwong,5027,Studio,,,,,,,,,,,,,,,,,,,,,,,,,,,,,,,,,,,,,,,,,,,,,,,,,,,,,,,,,,,,,
ไฟล์แยก,N,28,Kinwong,5028,คืน router,,,,,,,,2569-04-10 00:00:00,บจก. เอ็มเอส เทท 1983859190,,,1000,,,,,,,,,,,,,,,,,,,,,,,,,,349.5,24.465000000000003,,,,,,,,373.96500000000003,1000,626.03,2569-04-25 00:00:00,,,2569-04-15 00:00:00,k.ณรงค์ 0581083912,,0,,,,,
ไฟล์แยก,N,29,Kinwong,5029,Studio,,,,,,,,,,,,,,,,,,,,,,,,,,,,,,,,,,,,,,,,,,,,,,,,,,,,,,,,,,,,,
ไฟล์แยก,N,30,Kinwong,5030,Studio,,,,,,,,,,,,,,,,,,,,,,,,,,,,,,,,,,,,,,,,,,,,,,,,,,,,,,,,,,,,,
ไฟล์แยก,N,31,Kinwong,5031,Studio,,,,,,,,,,,,,,,,,,,,,,,,,,,,,,,,,,,,,,,,,,,,,,,,,,,,,,,,,,,,,
ไฟล์แยก,N,32,Kinwong,5032,INTERNET พนง.,,,,,,,,2569-04-07 00:00:00,บจก. เอ็มเอส เทท 1983859190,,,1000,,,,,,582.5,40.775000000000006,,2569-04-30 00:00:00,623.275,,,บจก. เอ็มเอส เทท 1983859190,,,,,,,,,,,,,,,,,,,,,,,,,,,,,,,1000,,,,,
ไฟล์แยก,N,33,Kinwong,5033,INTERNET พนง.,,,,,,,,เงินสด 29/4/2569,บจก. เอ็มเอส เทท 1983859190,,,,,,,,,,,,,,,,,,,,,,,,,,,,,,,,,,,,,,,,,,,,,,,1000,,,,,
ไฟล์แยก,N,34,Kinwong,5034,Studio,,,,,,,,,,,,,,,,,,,,,,,,,,,,,,,,,,,,,,,,,,,,,,,,,,,,,,,,,,,,,
ไฟล์แยก,N,35,Kinwong,5035,Studio,,,,,,,,,,,,,,,,,,,,,,,,,,,,,,,,,,,,,,,,,,,,,,,,,,,,,,,,,,,,,
ไฟล์แยก,N,36,Kinwong,5036,INTERNET พนง.,,,,,,,,2569-04-10 00:00:00,บจก. เอ็มเอส เทท 1983859190,,,1000,,,,,,652.4,45.668,,,,2569-05-04 00:00:00,698.068,บจก. เอ็มเอส เทท 1983859190,,,,,,,,,,,,,,,,,,,,,,,,,,,,,,,1000,,,,,
ไฟล์แยก,N,37,Kinwong,5037,Studio,,,,,,,,,,,,,,,,,,,,,,,,,,,,,,,,,,,,,,,,,,,,,,,,,,,,,,,,,,,,,
ไฟล์แยก,N,38,Kinwong,5038,Studio,,,,,,,,,,,,,,,,,,,,,,,,,,,,,,,,,,,,,,,,,,,,,,,,,,,,,,,,,,,,,
ไฟล์แยก,N,39,Kinwong,5039,Studio,,,,,,,,,,,,,,,,,,,,,,,,,,,,,,,,,,,,,,,,,,,,,,,,,,,,,,,,,,,,,
ไฟล์แยก,N,40,Kinwong,5040,Studio,,,,,,,,,,,,,,,,,,,,,,,,,,,,,,,,,,,,,,,,,,,,,,,,,,,,,,,,,,,,,
ไฟล์แยก,N,41,Kinwong,5041,Studio,,,,,,,,,,,,,,,,,,,,,,,,,,,,,,,,,,,,,,,,,,,,,,,,,,,,,,,,,,,,,
ไฟล์แยก,N,42,Kinwong,5042,Studio,,,,,,,,,,,,,,,,,,,,,,,,,,,,,,,,,,,,,,,,,,,,,,,,,,,,,,,,,,,,,
ไฟล์แยก,N,43,Kinwong,5043,INTERNET พนง.,,,,,,,,2569-04-25 00:00:00,KBANK คุณณรงค์ 0581083912,,,1000,,,,,,233,16.310000000000002,,,,2569-05-02 00:00:00,249.31,บจก. เอ็มเอส เทท 1983859190,,,,,,,,,,,,,,,,,,,,,,,,,,,,,,,1000,,,,,
ไฟล์แยก,N,44,Kinwong,5044,Studio,,,,,,,,,,,,,,,,,,,,,,,,,,,,,,,,,,,,,,,,,,,,,,,,,,,,,,,,,,,,,
ไฟล์แยก,N,45,Kinwong,5045,Studio,,,,,,,,,,,,,,,,,,,,,,,,,,,,,,,,,,,,,,,,,,,,,,,,,,,,,,,,,,,,,
ไฟล์แยก,N,46,Kinwong,5046,INTERNET พนง.,,,,,,,,2569-04-25 00:00:00,KBANK คุณณรงค์ 0581083912,,,1000,,,,,,256.3,17.941000000000003,,2569-04-29 00:00:00,274.241,,,บจก. เอ็มเอส เทท 1983859190,,,,,,,,,,,,,,,,,,,,,,,,,,,,,,,1000,,,,,
ไฟล์แยก,N,47,Kinwong,5047,Studio,,,,,,,,,,,,,,,,,,,,,,,,,,,,,,,,,,,,,,,,,,,,,,,,,,,,,,,,,,,,,
ไฟล์แยก,N,48,Kinwong,5048,Studio,,,,,,,,,,,,,,,,,,,,,,,,,,,,,,,,,,,,,,,,,,,,,,,,,,,,,,,,,,,,,
ไฟล์แยก,N,21,Kinwong,5049,INTERNET พนง.,,,,,,,,2569-04-10 00:00:00,บจก. เอ็มเอส เทท 1983859190,,,1000,,,,,,652.4,45.668,,,,2569-05-02 00:00:00,698.068,บจก. เอ็มเอส เทท 1983859190,,,,,,,,,,,,,,,,,,,,,,,,,,,,,,,1000,,,,,
ไฟล์แยก,N,49,Kinwong,5049,Studio,,,,,,,,,,,,,,,,,,,,,,,,,,,,,,,,,,,,,,,,,,,,,,,,,,,,,,,,,,,,,
ไฟล์แยก,N,50,Kinwong,5050,Studio,,,,,,,,,,,,,,,,,,,,,,,,,,,,,,,,,,,,,,,,,,,,,,,,,,,,,,,,,,,,,
ไฟล์แยก,N,51,Kinwong,5051,Studio,,,,,,,,,,,,,,,,,,,,,,,,,,,,,,,,,,,,,,,,,,,,,,,,,,,,,,,,,,,,,
ไฟล์แยก,N,52,Kinwong,5052,Studio,,,,,,,,,,,,,,,,,,,,,,,,,,,,,,,,,,,,,,,,,,,,,,,,,,,,,,,,,,,,,
ไฟล์แยก,N,53,Kinwong,5053,Studio,,,,,,,,,,,,,,,,,,,,,,,,,,,,,,,,,,,,,,,,,,,,,,,,,,,,,,,,,,,,,
ไฟล์แยก,N,54,Kinwong,5054,Studio,,,,,,,,,,,,,,,,,,,,,,,,,,,,,,,,,,,,,,,,,,,,,,,,,,,,,,,,,,,,,
,N,55,,5055,Studio,,,,,,,,,,,,,,,,,,,,,,,,,,,,,,,,,,,,,,,,,,,,,,,,,,,,,,,,,,,,,
,N,56,,5056,Studio,,,,,,,,,,,,,,,,,,,,,,,,,,,,,,,,,,,,,,,,,,,,,,,,,,,,,,,,,,,,,
,N,57,,5057,Studio,,,,,,,,,,,,,,,,,,,,,,,,,,,,,,,,,,,,,,,,,,,,,,,,,,,,,,,,,,,,,
,N,58,,5058,Studio,,,,,,,,,,,,,,,,,,,,,,,,,,,,,,,,,,,,,,,,,,,,,,,,,,,,,,,,,,,,,
,N,59,,5059,Studio,,,,,,,,,,,,,,,,,,,,,,,,,,,,,,,,,,,,,,,,,,,,,,,,,,,,,,,,,,,,,
,N,60,,5060,Studio,,,,,,,,,,,,,,,,,,,,,,,,,,,,,,,,,,,,,,,,,,,,,,,,,,,,,,,,,,,,,
,N,61,,5061,Studio,,,,,,,,,,,,,,,,,,,,,,,,,,,,,,,,,,,,,,,,,,,,,,,,,,,,,,,,,,,,,
,N,62,,5062,Studio,,,,,,,,,,,,,,,,,,,,,,,,,,,,,,,,,,,,,,,,,,,,,,,,,,,,,,,,,,,,,
,N,63,,5063,Studio,,,,,,,,,,,,,,,,,,,,,,,,,,,,,,,,,,,,,,,,,,,,,,,,,,,,,,,,,,,,,
,N,64,,5064,Studio,,,,,,,,,,,,,,,,,,,,,,,,,,,,,,,,,,,,,,,,,,,,,,,,,,,,,,,,,,,,,
,N,65,,5065,Studio,,,,,,,,,,,,,,,,,,,,,,,,,,,,,,,,,,,,,,,,,,,,,,,,,,,,,,,,,,,,,
,N,66,,5066,Studio,,,,,,,,,,,,,,,,,,,,,,,,,,,,,,,,,,,,,,,,,,,,,,,,,,,,,,,,,,,,,
,N,67,,5067,Studio,,,,,,,,,,,,,,,,,,,,,,,,,,,,,,,,,,,,,,,,,,,,,,,,,,,,,,,,,,,,,
,N,68,,5068,Studio,,,,,,,,,,,,,,,,,,,,,,,,,,,,,,,,,,,,,,,,,,,,,,,,,,,,,,,,,,,,,
,N,69,,5069,Studio,,,,,,,,,,,,,,,,,,,,,,,,,,,,,,,,,,,,,,,,,,,,,,,,,,,,,,,,,,,,,
,N,70,,5070,Studio,,,,,,,,,,,,,,,,,,,,,,,,,,,,,,,,,,,,,,,,,,,,,,,,,,,,,,,,,,,,,
,N,71,,5071,Studio,,,,,,,,,,,,,,,,,,,,,,,,,,,,,,,,,,,,,,,,,,,,,,,,,,,,,,,,,,,,,
,N,72,,5072,Studio,,,,,,,,,,,,,,,,,,,,,,,,,,,,,,,,,,,,,,,,,,,,,,,,,,,,,,,,,,,,,
,N,73,,5073,Studio,,,,,,,,,,,,,,,,,,,,,,,,,,,,,,,,,,,,,,,,,,,,,,,,,,,,,,,,,,,,,
,N,74,,5074,Studio,,,,,,,,,,,,,,,,,,,,,,,,,,,,,,,,,,,,,,,,,,,,,,,,,,,,,,,,,,,,,
,N,75,,5075,Studio,,,,,,,,,,,,,,,,,,,,,,,,,,,,,,,,,,,,,,,,,,,,,,,,,,,,,,,,,,,,,
,N,76,,5076,Studio,,,,,,,,,,,,,,,,,,,,,,,,,,,,,,,,,,,,,,,,,,,,,,,,,,,,,,,,,,,,,
,N,77,,5077,Studio,,,,,,,,,,,,,,,,,,,,,,,,,,,,,,,,,,,,,,,,,,,,,,,,,,,,,,,,,,,,,
,N,78,,5078,Studio,,,,,,,,,,,,,,,,,,,,,,,,,,,,,,,,,,,,,,,,,,,,,,,,,,,,,,,,,,,,,
,N,79,,5079,Studio,,,,,,,,,,,,,,,,,,,,,,,,,,,,,,,,,,,,,,,,,,,,,,,,,,,,,,,,,,,,,
,N,80,,5080,Studio,,,,,,,,,,,,,,,,,,,,,,,,,,,,,,,,,,,,,,,,,,,,,,,,,,,,,,,,,,,,,
1,,,,,,,,ยูนิตน้ำ+ไฟ รวม,,320,1937,13081,,,88400,88400,13000,9600,672,146306,10241.419999999998,300033.30999999994,19502.100000000006,1365.1470000000004,0,เงินเข้าเดือนนี้,509236.2322999998,สรุปเงินเข้าเดือนหน้า,451815.22600000014,,,81600,81600,0,5500,385,5021.49,351.5043,2580,180.60000000000002,50990,3569.2999999999997,1328.1,92.96700000000001,,,,,86,0,5099,150398.967,3000,8678.16,,12568.563000000004,,,,682800,24000,,,,,
,,,,,,,,ยูนิตไฟ 10 บ./หน่วย,,=,,130810,,สรุปเงินเข้าเดือนนี้,699036.2322999998,,,,,,,,,,,,,,,,,,,,,,,,,,,,,,,,ยูนิตไฟ 10 บ./หน่วย,,=,,50990,,,,,,,,,,,,,,,
,,,,,,,,ยูนิตไฟ 8 บ./หน่วย,,=,15496,,,,,,,,,,,,,,,,,,,,,,,,,,,,,,,,,,,,ยูนิตไฟ 8 บ./หน่วย,,=,0,,,,,ยอดเงินโอนออกยกไปเดือน พ.ค 2569,,12568.563000000004,,,,,,,,,
สรุปเงินเข้าเดือน เม.ย 2569,,,699036.2322999998,,,,,,,,,,,,,,,,,,,,,,,,,,,,,,,,,,,,,,,,,,,,,,,,,,,,,,,,,,,,,,,
ยอดเงินเข้า Statement,,,699035.1100000006,,,,,,,,,,,,,,,,,,,,,,,,,,,,,,,,,,,,,,,,,,,,,,,,,,,,,,,,,,,,,,,
,,,,,,,,,,,,,,,,,,,,,,,,,,,,,,,,,,,,,,,,,,,,,,,,,,,,,,,,,,,,,,,,,,
ส่วนต่าง ,,,1.1222999992314726,,,,,,,,,,,,,,,,,,,,,,,,,,,,,,,,,,,,,,,,,,,,,,,,,,,,,,,,,,,,,,,
,,,,,,,,,,,,,,,,,,,,,,,,,,,,,,,,,,,,,,,,,,,,,,,,,,,,,,,,,,,,,,,,,,
ห้อง4122 ชำระ ประกัน router ผ่าน เครื่อง EDC ยอดเข้าบัญชีขาดไป ,,,,,1.07,,,2051 โอนค่าเนท 29/4/69 748,,โอนเกิน,0.7,,,,,,,,,,,,,,,,,,,,,,,,,,,,,,,,,,,,,,,,,,,,,,,,,,,,,,,
ห้อง4130 ชำระ ค่าเช่า มี.ค ผ่าน เครื่อง EDC ยอดเข้าบัญชีขาดไป ,,,,,1.07,,,5046 โอนค่าเนท 29/4/69 748,,โอนเกิน,0.86,,,,,,,,,,,,,,,,,,,,,,,,,,,,,,,,,,,,,,,,,,,,,,,,,,,,,,,
,,,,,,,,4066 โอนค่าเนท 30/4/69 749,,โอนเกิน,1.07,,,,,,,,,,,,,,,,,,,,,,,,,,,,,,,,,,,,,,,,,,,,,,,,,,,,,,,
,,,,,,,,,,รวม,2.63,,,,,,,,,,,,,,,,,,,,,,,,,,,,,,,,,,,,,,,,,,,,,,,,,,,,,,,
M Estate 1983859190 + กสิกร k.ณรงค์ 0581083912 (ผู้เช่าทั่วไป),,,,,,ยอดเข้ารวม,699035.1100000006,,,,,,,,,,,,,,,,,,,,,,,,,,,,,,,,,,,,,,,,,,,,,,,,,,,,,,,,,,,
,,,,,,,,,,ยอดโอนเข้า บจก เอ็มเอส เทท 1983859190,,,,,ยอดโอนเข้า บจก เอ็มเอส เทท 1983859190 (ผู้เช่าบริษัท - ไฟล์แยก),,,,,,,ยอดโอนเข้า k.ณรงค์ 0581083912,,,,,,,,ยอดโอนออกจาก บช k.ณรงค์ 3912 (ผู้เช่าทั่วไป),,,,,,ยอดโอนออกจาก บช k.ณรงค์ 3912 (ผู้เช่าบริษัท) ไฟล์แยก,,,,,,,,,,,,,,,,,,,,,,,,,,,,,,
M Estate 1983859190 (ผู้เช่าบริษัท - ไฟล์แยก),,,,,,ยอดเข้ารวม,2685050.0300000003,,,,,,,,,,,,,,,,,,,,,,,,,,,,,,,,,,,,,,,,,,,,,,,,,,,,,,,,,,,
ยอดโอนเข้า  กสิกร k.ณรงค์ 0581083912 (ผู้เช่าบริษัท - ไฟล์แยก),,,,,,ยอดเข้ารวม,0,,,,,,,,,,,,,,,,,,,,,,,รวมยอด,13514.86,,,,,รวมยอด,,66748.18000000001,,,,,,,,,,,,,,,,,,,,,,,,,,,,
,,,ยอดโอนออก บช k.ณรงค์ 3912 (คืนผู้เช่าทั่วไป),,,ยอดออกรวม,13514.86,,,รวมยอด,,,560913.5800000005,,รวมยอด,2685050.0300000003,,,,,,รวมยอด,,,138121.53,,,,,,,,,,,,,,,,,,,,,,,,,,,,,,,,,,,,,,,,,
,,,ยอดโอนออก บช k.ณรงค์ 3912 (คืนผู้เช่าบริษัท),,,ยอดออกรวม,66748.18000000001,,,,,,,,,,,,,,,,,,,,,,,,,,,,,ยอดโอนเข้า บช k.ณรงค์ 3912 (ผู้เช่าบริษัท) ไฟล์แยก,,,,,,,,,,,,,,,,,,,,,,,,,,,,,,
,,,,,,=,3303822.1000000006,,,,,,,,,,,,,,,,,,,,,สรุปยอดที่ยกไปเดือนพฤษภาคม 2569,,451815.22600000014,,,,,,รวมยอด,,0,,,,,,,,,,,,,,,,,,,,,,,,,,,,
,,,,,,,,,,,,,,,,,,,,,,,,,,,,,,,,,,,,,,,,,,,,,,,,,,,,,,,,,,,,,,,,,,
,,,,,,,,,,,,,,,,,,,,,,,,,,,,,,,,,,,,,,,,,,,,,,,,,,,,,,,,,,,,,,,,,,
,,,,,,,,,,,,,,,,,,,,,,,,,,,,,,,,,,,,,,,,,,,,,,,,,,,,,,,,,,,,,,,,,,
,,ค่าไฟ/ยูนิต (บาท),,,,,10,,,,,,,,,,,,,,,,,,,,,,,,,,,,,,,,,,,,,,,,สเตจเม้นท์ บช k.ณรงค์ 0581083912 เม.ย 2569 โอนออก (คืนผู้เช่าบริษัท - ย้ายออก),,,,,,,,,,,,,,,,,,,
,,,,ค่าน้ำ/ยูนิต (บาท),,,30,,,สเตจเม้นท์ บจก. เอ็มเอส เทท 1983859190 รายการโอนเข้า เม.ย 2569,,,,,,สเตจเม้นท์ บจก. เอ็มเอส เทท 1983859190 รายการโอนเข้า เม.ย 2569 (ผู้เช่าบริษัท / ไฟล์แยก),,,,,,,สเตจเม้นท์ บจก. เอ็มเอส เทท 2162810874 รายการโอนเข้า  2569 (ผู้เช่าทั่วไป),,,,,สเตจเม้นท์ บช k.ณรงค์ 0581083912 เม.ย 2569 โอนเข้า (ผู้เช่าทั่วไป),,,,สเตจเม้นท์ บช k.ณรงค์ 0581083912 เม.ย 2569 โอนออก (คืนผู้เช่า - ย้ายออก),,,,,,,,,,,,,,,วันที่,,ยอด,,รายการคืน,,,,,,,,,,,,,,,
,,ค่าไฟ/ยูนิต (บาท),,,,,8,,,วันที่,ยอด,,รายการ,,1,2569-04-01 00:00:00,10504.6,บ.ยูโลจี ห้อง4003 ชำระค่าเช่า มี.ค ไฟล์แยก (มี.ค),,,,,วันที่,,ยอด,รายการ,,วันที่,ยอด ,รายการ,,วันที่,ยอด,,รายการ,,,,,,,,,,,1,2569-04-17 00:00:00,,2514.8,,คืน บ.ไท่เต๋อฝู ย้ายออก 12/4/2569 ไฟล์แยก ลำดับที่22 (เม.ย) ,,,,,,,,,,,,,,,
,,ค่าเช่า Studio/เดือน (บาท),,,,,6800,,,2569-04-01 00:00:00,747.93,,ห้อง4092 ชำระค่า อินเตอร์เนท วันใช้งาน 1-31/3/2569 (มี.ค),,2,2569-04-01 00:00:00,35361.93,บ.ไป่หลง ห้อง1011 1012 ชำระค่าเช่า มี.ค ไฟล์แยก (มี.ค),,,,,,,,,,2569-04-25 00:00:00,300,ห้อง1008 ชำระค่าปรับเปิดห้องนอกเวลาทำการ  (เม.ย),,2569-04-10 00:00:00,754.5,,คืน ห้อง4119 ย้ายออก วันที่ 31/3/2569 (มี.ค),,,,,,,,,,,2,2569-04-21 00:00:00,,5725.76,, คืน บ.ไชน่าสเตท Kingwong Site ย้ายออก 18/4/2569 ไฟล์แยก ลำดับที่2 (เม.ย) ,,,,,,,,,,,,,,,
,,ค่าเช่า Suite/เดือน (บาท),,,,,13600,,,2569-04-01 00:00:00,9143.3,,ค่าเช่า มี.ค ห้อง4062  (มี.ค),,3,2569-04-01 00:00:00,147920.5,บ.คินวอง ชำระค่าเช่า มี.ค ไฟล์แยก (มี.ค),,,,,,,,,,2569-04-25 00:00:00,300,ห้อง1008 ชำระค่าปรับเปิดห้องนอกเวลาทำการ  (เม.ย),,2569-04-10 00:00:00,4082.2,,คืน ห้อง4043 ย้ายออก วันที่ 1/4/2569 (มี.ค),,,,,,,,,,,3,2569-04-21 00:00:00,,5807.06,,  คืน บ.ไชน่าสเตท Aohong Site ย้ายออก 18/4/2569 ไฟล์แยก ลำดับที่3 (เม.ย) ,,,,,,,,,,,,,,,
,,,,,,,,,,2569-04-01 00:00:00,27200,,ค่าประกัน+ค่าเช่าล่วงหน้า ห้อง1031 เข้าพัก 1/4/2569 (เม.ย),,4,2569-04-01 00:00:00,107250, บ.คินวองชำระค่าประกัน + ล่วงหน้า  Studio 10 ห้อง เข้าพัก 15/3/69 ไฟล์แยก (มี.ค),,,,,,,,,,2569-04-25 00:00:00,22673.6,ค่าเช่า มี.ค ห้อง3003 (มี.ค),1.0,2569-04-17 00:00:00,,,"2,514.80 คืน บ.ไท่เต๋อฝู ย้ายออก 12/4/2569 ไฟล์แยก ลำดับที่22 (เม.ย) ",,,,,,,,,,,4,2569-04-23 00:00:00,,1171.8,, คืน บ.เฟยจิน ห้อง4134 ย้ายออก 22/4/2569 ไฟล์แยก ลำดับที่ 14 (เม.ย),,,,,,,,,,,,,,,
,,,,,,,,,,2569-04-01 00:00:00,26418.6,,ค่าเช่า มี.ค ห้อง1024  (มี.ค),,5,2569-04-01 00:00:00,107250," บ.คินวอง ชำระประกัน + ล่วงหน้า Studio 6 ห้อง ,Suite 2 เข้าพัก 23/3/69 ไฟล์แยก (มี.ค)",,,,,,,,,,2569-04-25 00:00:00,27200,ประกัน + ค่าเช่าล่วงหน้า ห้อง3006 เข้าพัก 18/4/2569 (เม.ย),,2569-04-17 00:00:00,626.03,,ห้อง 3029 (พนักงานคินวอง) คืนเงินประกัน router (เม.ย),,,,,,,,,,,5,2569-04-25 00:00:00,,7093.6,, คืน บ.ซีโน - สิ่งแวดล้อม ห้อง5001 5002  ย้ายออก 15/4/69 ไฟล์แยก (เม.ย),,,,,,,,,,,,,,,
,,,,,,,,,1,2569-04-01 00:00:00,,,"10,504.60 บ.ยูโลจี ห้อง4003 ชำระค่าเช่า มี.ค ไฟล์แยก (มี.ค)",,6,2569-04-01 00:00:00,20922.53,บ.ยู่เฟิง ห้อง3001 ชำระค่าเช่า มี.ค ไฟล์แยก (มี.ค),,,,,,,,,,2569-04-25 00:00:00,5000,ประกัน router ห้อง3006 4058 5018 5043 5046 (เม.ย),2.0,2569-04-21 00:00:00,,,"5,725.76 คืน บ.ไชน่าสเตท Kingwong Site ย้ายออก 18/4/2569 ไฟล์แยก ลำดับที่2 (เม.ย) ",,,,,,,,,,,6,2569-04-25 00:00:00,,3825,,คืน บ.Aohong ห้อง5013 ย้ายออก 15/4/69 ไฟล์แยก (เม.ย),,,,,,,,,,,,,,,
,,,,,,,,,,2569-04-01 00:00:00,8554.8,,ค่าเช่า มี.ค ห้อง4132  (มี.ค),,7,2569-04-01 00:00:00,8803.3,บ.ยู่เฟิง ห้อง3022 ชำระค่าเช่า มี.ค ไฟล์แยก (มี.ค),,,,,,,,,,2569-04-25 00:00:00,747.93,ค่า Internet ห้อง4107 ใช้งาน 1-30/4/2569 (เม.ย),3.0,2569-04-21 00:00:00,,,"5,807.06  คืน บ.ไชน่าสเตท Aohong Site ย้ายออก 18/4/2569 ไฟล์แยก ลำดับที่3 (เม.ย) ",,,,,,,,,,,7,2569-04-30 00:00:00,,40610.16,, คืน บ.คินวอง Suite 3 ห้อง 3002 3004 3029 ย้ายออก 14/4/69 ไฟล์แยก (เม.ย),,,,,,,,,,,,,,,
,,,,,,,,,,2569-04-01 00:00:00,6661.4,,ค่าเช่า มี.ค ห้อง3024  (มี.ค),,8,2569-04-02 00:00:00,53705.63, บ.เมกะ 4ห้อง ชำระค่าเช่า มี.ค ไฟล์แยก ลำดับที่17  (มี.ค),,,,,,,,,,2569-04-25 00:00:00,300,ห้อง4134 ชำระค่าปรับเปิดห้องนอกเวลาทำการ  (เม.ย),4.0,2569-04-23 00:00:00,,,"1,171.80 คืน บ.เฟยจิน ห้อง4134 ย้ายออก 22/4/2569 ไฟล์แยก ลำดับที่ 14 (เม.ย)",,,,,,,,,,,,,,,,,,,,,,,,,,,,,,,
,,สรุป (ทั่วไป),,,ยูนิต,ค่าไฟรวม,197296,,2,2569-04-01 00:00:00,,,"35,361.93 บ.ไป่หลง ห้อง1011 1012 ชำระค่าเช่า มี.ค ไฟล์แยก (มี.ค)",,9,2569-04-02 00:00:00,2869.74, อู้ฟู้ชา ชำระค่าน้ำ - ไฟ มี.ค ไฟล์แยก ลำดับที่10  (มี.ค),,,,,,,,,,2569-04-25 00:00:00,13600,ประกัน + ค่าเช่าล่วงหน้า ห้อง5013 เข้าพัก 12/4/2569 (เม.ย),5.0,2569-04-25 00:00:00,,,"7,093.60 คืน บ.ซีโน - สิ่งแวดล้อม ห้อง5001 5002 ย้ายออก 15/4/69 ไฟล์แยก (เม.ย)",,,,,,,,,,,,,,,,,,,,,,,,,,,,,,,
,,จำนวนห้องเช่า (ทั่วไป),,,48,,ห้อง,,3,2569-04-01 00:00:00,,,"147,920.50 บ.คินวอง ชำระค่าเช่า มี.ค ไฟล์แยก (มี.ค)",,10,2569-04-02 00:00:00,7635.05, บ.สกายเคม ห้อง4053 ชำระค่าเช่า มี.ค ไฟล์แยก ลำดับที่6  (มี.ค),,,,,,,,,,2569-04-25 00:00:00,13600,ประกัน + ค่าเช่าล่วงหน้า Studio ห้อง4134 เข้าพัก 24/4/2569 (เม.ย),6.0,2569-04-25 00:00:00,,,"3,825  คืน บ.Aohong ห้อง5013 ย้ายออก 15/4/69 ไฟล์แยก (เม.ย)",,,,,,,,,,,,รวม,,,,66748.18000000001,,,,,,,,,,,,,,,
,,รายได้ค่าเช่า,,,,381633.30999999994,บาท,,4,2569-04-01 00:00:00,,,"107,250 บ.คินวองชำระค่าประกัน + ล่วงหน้า  Studio 10 ห้อง เข้าพัก 15/3/69ไฟล์แยก (มี.ค)",,11,2569-04-02 00:00:00,69637.4,บ.เฟยจิน 5 ห้อง ชำระค่าเช่า มี.ค ไฟล์แยก ลำดับที่14  (มี.ค),,,,,,,,,,2569-04-25 00:00:00,27200,ประกัน + ค่าเช่าล่วงหน้า Suite ห้อง3029 เข้าพัก 24/4/2569 (เม.ย),,2569-04-25 00:00:00,3964.5,,คืน ห้อง2023 ย้ายออก  15/4/2569 (เม.ย),,,,,,,,,,,,,,,,,,,,,,,,,,,,,,,
,,รายได้จาก Vat7%,,,,16857.9383,บาท,,5,2569-04-01 00:00:00,,,"107,250 บ.คินวอง ชำระประกัน + ล่วงหน้า Studio 6 ห้อง ,Suite 2 เข้าพัก 23/3/69 ไฟล์แยก (มี.ค)",,12,2569-04-02 00:00:00,59523.93, บ.ไทยเตียว 6 ห้อง ชำระค่าเช่า มี.ค ไฟล์แยก ลำดับที่23  (มี.ค),,,,,,,,,,2569-04-25 00:00:00,27200,ประกัน + ค่าเช่าล่วงหน้า Suite ห้อง1025 เข้าพัก 24/4/2569 (เม.ย),,2569-04-25 00:00:00,3461.6,,คืน ห้อง2027 ย้ายออก  17/4/2569 (เม.ย),,,,,,,,,,,,,,,,,,,,,,,,,,,,,,,
,,รายได้จากค่า INTERNET,,,,,บาท,22288.314000000006,,2569-04-01 00:00:00,5878.16,,ค่าเช่า มี.ค ห้อง3009  (มี.ค),,13,2569-04-03 00:00:00,87926.53,"87,926.53 บ.ไสออนนน์ 10 ห้อง ชำระค่าเช่า มี.ค ไฟล์แยก ลำดับที่13  (มี.ค)",,,,,,,,,,,,,,2569-04-25 00:00:00,626.03,,ห้อง 5028  (พนักงานคินวอง) คืนเงินประกัน router (เม.ย),,,,,,,,,,,,,,,,,,,,,,,,,,,,,,,
,,ค่าน้ำ,,,406,12180,บาท,,6,2569-04-01 00:00:00,,,"20,922.53 บ.ยู่เฟิง ห้อง3001 ชำระค่าเช่า มี.ค ไฟล์แยก (มี.ค)",,14,2569-04-03 00:00:00,19043.17,"19,043.17 บ.บ่อทองอินดัสทรี 2 ห้อง ชำระค่าเช่า มี.ค ไฟล์แยก ลำดับที่7  (มี.ค)",,,,,,,,,,,,,7.0,2569-04-30 00:00:00,,,"40,610.16 คืน บ.คินวอง Suite 3 ห้อง 3002 3004 3029 ย้ายออก 14/4/69 ไฟล์แยก (เม.ย)",,,,,,,,,,,,,,,,,,,,,,,,,,,,,,,
,,ค่าไฟ หน่วย 10 บาท,,,18180,181800,บาท,181800,7,2569-04-01 00:00:00,,,"8,803.30 บ.ยู่เฟิง ห้อง3022 ชำระค่าเช่า มี.ค ไฟล์แยก (มี.ค)",,15,2569-04-03 00:00:00,10428.63, บ.ไทซิง ห้อง4002 ชำระค่าเช่า มี.ค ไฟล์แยก ลำดับที่25  (มี.ค),,,,,รวม,,,0,,,,,,,,,,,,,,,,,,,,,,,,,,,,,,,,,,,,,,,,
,,ค่าไฟ หน่วย 8 บาท,,,1937,15496,บาท,15496,,2569-04-01 00:00:00,7238.13,,ค่าเช่า มี.ค ห้อง4123  (มี.ค),,16,2569-04-03 00:00:00,67733.46, บ.บายมิ่ง 6 ห้อง ชำระค่าเช่า มี.ค ไฟล์แยก ลำดับที่19  (มี.ค),,,,,,,,,,,,,,,,,,,,,,,,,,,,,,,,,,,,,,,,,,,,,,,,
,,ค่าทำความสะอาด,,,,5500,บาท,,,2569-04-01 00:00:00,9389.4,,ค่าเช่า มี.ค ห้อง1019  (มี.ค),,17,2569-04-06 00:00:00,109521.65,"109,521.65 บ.ไท่ซาน  7 ห้อง ชำระค่าเช่า มี.ค ไฟล์แยก ลำดับที่11  (มี.ค)",,,,,,,,,,,,,,,,,,,,,,,,,,,,,,,,,,,,,,,,,,,,,,,,
,,ค่าปรับ,,,,5021.49,บาท,,,2569-04-01 00:00:00,9346.6,,ค่าเช่า มี.ค ห้อง2025  (มี.ค),,18,2569-04-06 00:00:00,38007.8,บ.อีสเทิร์นนส์ ร้านอาหารจีน  ชำระค่าเช่า มี.ค ไฟล์แยก ลำดับที่18  (มี.ค),,,,,,,,,,,,,,,,,,,,,,,,,,,,,,,,,,,,,,,,,,,,,,,,
,,ค้างชำระ,,,,,บาท,,,2569-04-01 00:00:00,9838.8,,ค่าเช่า มี.ค ห้อง3007  (มี.ค),,19,2569-04-07 00:00:00,38431.74, บ.ฟาร์อีส 4 ห้อง ชำระค่าเช่า มี.ค ไฟล์แยก ลำดับที่4  (มี.ค),,,,,,,,,,,,,,,,,,,,,,,,,,,,,,,,,,,,,,,,,,,,,,,,
,,รวม,,,,618488.7382999999,,,,2569-04-01 00:00:00,7784.4,,ค่าเช่า มี.ค ห้อง3014  (มี.ค),,20,2569-04-07 00:00:00,22846.8,บ.ไชน่าสเตท Aohong Site 3 ห้อง ชำระค่าเช่า มี.ค ไฟล์แยก ลำดับที่3  (มี.ค),,,,,,,,,,,,,,,,,,,,,,,,,,,,,,,,,,,,,,,,,,,,,,,,
,,,,,,,,,,2569-04-01 00:00:00,20619.2,,ค่าเช่า มี.ค ห้อง3015  (มี.ค),,21,2569-04-07 00:00:00,72610.68, บ.ไชน่าสเตท Kinwong Site 9 ห้อง ชำระค่าเช่า มี.ค ไฟล์แยก ลำดับที่2  (มี.ค),,,,,,,,,,,,,,,,,,,,,,,,,,,,,,,,,,,,,,,,,,,,,,,,
,,ทั่วไปค้างชำระรวม,,,,,,,,2569-04-01 00:00:00,10629.64,,ค่าเช่า มี.ค ห้อง3017  (มี.ค),,22,2569-04-07 00:00:00,454902.8, บ.เดลทัล 85 ห้อง ชำระค่าเช่า มี.ค ไฟล์แยก ลำดับที่5  (มี.ค),,,,,,,,,,,,,,,,,,,,,,,,,,,,,,,,,,,,,,,,,,,,,,,,
,,,,,,,,,,2569-04-01 00:00:00,17016.16,,ค่าเช่า มี.ค ห้อง3018  (มี.ค),,23,2569-04-07 00:00:00,8161.3,บ.เซียวเซียง - นัน  1 ห้อง ชำระค่าเช่า มี.ค ไฟล์แยก ลำดับที่12  (มี.ค),,,,,,,,,,,,,,,,,,,,,,,,,,,,,,,,,,,,,,,,,,,,,,,,
,,,,,,,,,,2569-04-01 00:00:00,18350.8,,ค่าเช่า มี.ค ห้อง3019  (มี.ค),,24,2569-04-09 00:00:00,84879.84, บ.Aohong 14 ห้อง ชำระค่าเช่า มี.ค ไฟล์แยก ลำดับที่28  (มี.ค),,,,,,,,,,,,,,,,,,,,,,,,,,,,,,,,,,,,,,,,,,,,,,,,
,,,,,,,,,,2569-04-01 00:00:00,9838.8,,ค่าเช่า มี.ค ห้อง3021  (มี.ค),,25,2569-04-10 00:00:00,107250, บ.คินวอง ชำระค่าประกัน+ล่วงหน้า 10 ห้อง Studio 5021 - 5030 เข้าพัก 31/3/2569 ไฟล์แยกลำดับที่ 1 (มี.ค),,,,,,,,,,,,,,,,,,,,,,,,,,,,,,,,,,,,,,,,,,,,,,,,
,,,,,,,,,,2569-04-01 00:00:00,9025.6,,ค่าเช่า มี.ค ห้อง3043  (มี.ค),,26,2569-04-10 00:00:00,10725,บ.คินวอง ชำระประกัน + ล่วงหน้า (เพิ่ม) ห้อง3004 Studio เป็น Suite เมื่อวันที่  1/3/69 ไฟล์แยก ลำดับที่ 1 (มี.ค),,,,,,,,,,,,,,,,,,,,,,,,,,,,,,,,,,,,,,,,,,,,,,,,
,,,,,,,,,,2569-04-01 00:00:00,747.93,,ห้อง4107 ชำระค่า อินเตอร์เนท วันใช้งาน 1-31/3/2569 (มี.ค),,27,2569-04-10 00:00:00,258604.22,บ.คินวอง  48 ห้อง ชำระค่าเช่า มี.ค ไฟล์แยก ลำดับที่1  (เม.ย),,,,,,,,,,,,,,,,,,,,,,,,,,,,,,,,,,,,,,,,,,,,,,,,
,,,,,,,,,,2569-04-01 00:00:00,10202.6,,ค่าเช่า มี.ค ห้อง4136  (มี.ค),,28,2569-04-11 00:00:00,15954, บ.ไท่เต๋อฝู 1 ห้อง ชำระค่าเช่า มี.ค ไฟล์แยก ลำดับที่22  (มี.ค),,,,,,,,,,,,,,,,,,,,,,,,,,,,,,,,,,,,,,,,,,,,,,,,
,,,,,,,,,,2569-04-01 00:00:00,747.93,,ห้อง3015 ชำระค่า อินเตอร์เนท วันใช้งาน 27 มี.ค - 27 เม.ย 2569  (มี.ค),,29,2569-04-16 00:00:00,13600,บ.ยูไท่ ชำระค่าประกัน + ค่าเช่าล่วงหน้า ห้อง4043 เข้าพัก 11/4/2569 ไฟล์แยก ลำดับที่ 31 (เม.ย),,,,,,,,,,,,,,,,,,,,,,,,,,,,,,,,,,,,,,,,,,,,,,,,
,,,,,,,,,8,2569-04-02 00:00:00,,,"53,705.63 บ.เมกะ 4ห้อง ชำระค่าเช่า มี.ค ไฟล์แยก ลำดับที่17  (มี.ค)",,30,2569-04-16 00:00:00,13600,บ.ไท่ซาน ชำระค่าประกัน + ล่วงหน้า ห้อง4119 เข้าพัก 15/4/2569 ไฟล์แยก ลำดับที่11 (เม.ย) ,,,,,,,,,,,,,,,,,,,,,,,,,,,,,,,,,,,,,,,,,,,,,,,,
,,สรุป (ผู้เช่ากลุมบริษัท),,,ยูนิต,ค่าไฟรวม,0,,9,2569-04-02 00:00:00,,,"2,869.74 อู้ฟู้ชา ชำระค่าน้ำ - ไฟ มี.ค ไฟล์แยก ลำดับที่10  (มี.ค)",,31,2569-04-17 00:00:00,23400,บ.ฟาร์อีส ชำระค่าประกัน + ค่าเช่าล่วงหน้า ห้อง 5001 5002 เข้าพัก 18/4/2569 ไฟล์แยก ลำดับที่ 4 (เม.ย),,,,,,,,,,,,,,รวมยอดโอนออก,,,13514.86,,,,,,,,,,,,,,,,,,,,,,,,,,,,,,,
,,จำนวนห้องเช่า (ทั่วไป),,,,,ห้อง,,10,2569-04-02 00:00:00,,,"7,635.05 บ.สกายเคม ห้อง4053 ชำระค่าเช่า มี.ค ไฟล์แยก ลำดับที่6  (มี.ค)",,32,2569-04-27 00:00:00,13260,บ.ไสออนนน์ ชำระค่าประกัน + ล่วงหน้า ห้อง2027 เข้าพัก 18/4/2569 ไฟล์แยก ลำดับที่13 (เม.ย) ,,,,,,,,,,,,,,,,,,,,,,,,,,,,,,,,,,,,,,,,,,,,,,,,
,,รายได้ค่าเช่า,,,,0,บาท,,,2569-04-02 00:00:00,7260.6,,ค่าเช่า มี.ค ห้อง3041  (มี.ค),,33,2569-04-29 00:00:00,11676.25, บ.หัวเฉิง ห้อง2028 ชำระค่าเช่า ค่าน้ำ ค่าไฟ เม.ย ไฟล์แยก (เม.ย),,,,,,,,,,,,,,,,,,,,,,,,,,,,,,,,,,,,,,,,,,,,,,,,
,,รายได้จาก Vat7%,,,,0,บาท,,11,2569-04-02 00:00:00,,,"69,637.40 บ.เฟยจิน 5 ห้อง ชำระค่าเช่า มี.ค ไฟล์แยก ลำดับที่14  (มี.ค)",,34,2569-04-29 00:00:00,6460, บ.หัวเฉิง ห้อง2024 ชำระค่าเช่า เม.ย (ค่าน้ำ-ค่าไฟ พนักงานชำระเอง ออกใบแจ้งหนี้แยก) ไฟล์แยก (เม.ย),,,,,,,,,,,,,,,,,,,,,,,,,,,,,,,,,,,,,,,,,,,,,,,,
,,รายได้จากค่า INTERNET,,,,,บาท,0,12,2569-04-02 00:00:00,,,"59,523.93 บ.ไทยเตียว 6 ห้อง ชำระค่าเช่า มี.ค ไฟล์แยก ลำดับที่23  (มี.ค)",,35,2569-04-29 00:00:00,7704,บ.แอทฟาร์มชัวร์  (ร้านมินิมาร์ท) ชำระ ค่าน้ำ ค่าไฟ เม.ย ไฟล์แยก (เม.ย),,,,,,,,,,รวม,,138121.53,,,,,,,,,,,,,,,,,,,,,,,,,,,,,,,,,,,,
,,ค่าน้ำ,,,0,0,บาท,,13,2569-04-03 00:00:00,,,"87,926.53 บ.ไสออนนน์ 10 ห้อง ชำระค่าเช่า มี.ค ไฟล์แยก ลำดับที่13  (มี.ค)",,36,2569-04-29 00:00:00,44482.36, (ยอดที่ 1) บ.กว่างโจว 8 ห้อง  ชำระค่าเช่า เม.ย ไฟล์แยก (เม.ย),,,,,,,,,,,,,,,,,,,,,,,,,,,,,,,,,,,,,,,,,,,,,,,,
,,ค่าไฟ หน่วย 10 บาท,,,0,0,บาท,,14,2569-04-03 00:00:00,,,"19,043.17 บ.บ่อทองอินดัสทรี 2 ห้อง ชำระค่าเช่า มี.ค ไฟล์แยก ลำดับที่7  (มี.ค)",,37,2569-04-29 00:00:00,7599.55, บ.สกายเคม ห้อง4053 ชำระค่าเช่า ค่าน้ำ ค่าไฟ เม.ย ไฟล์แยก (เม.ย),,,,,,,,,,,,,,,,,,,,,,,,,,,,,,,,,,,,,,,,,,,,,,,,
,,ค่าไฟ หน่วย 8 บาท,,,0,0,บาท,,15,2569-04-03 00:00:00,,,"10,428.63 บ.ไทซิง ห้อง4002 ชำระค่าเช่า มี.ค ไฟล์แยก ลำดับที่25  (มี.ค)",,38,2569-04-29 00:00:00,117166.3, บ.สตาร์ฮับ ชำระค่าเช่า เม.ย ไฟล์แยก (เม.ษ),,,,,,,,,,สเตจเม้นท์ บช k.ณรงค์ 0581083912 ม.ค 2569 โอนเข้า (ผู้เช่าบริษัท - ไฟล์แยก),,,,,,,,,,,,,,,,,,,,,,,,,,,,,,,,,,,,,,
,,ค่าทำความสะอาด,,,,0,บาท,,16,2569-04-03 00:00:00,,,"67,733.46 บ.บายมิ่ง 6 ห้อง ชำระค่าเช่า มี.ค ไฟล์แยก ลำดับที่19  (มี.ค)",,39,2569-04-29 00:00:00,175500, บ.คินวอง ชำระค่าประกัน + ค่าเช่าล่วงหน้า 20 ห้อง 5019 -5020 5037-5054 เข้าพัก 11/4/69 ไฟล์แยก (เม.ย) ,,,,,,,,,,,,,,,,,,,,,,,,,,,,,,,,,,,,,,,,,,,,,,,,
,,ค่าปรับ,,,,0,บาท,,,2569-04-03 00:00:00,747.93,,ห้อง4003 พนักงานยูโลจี ชำระค่า internet ใช้งาน 1-31/3/2569 (มี.ค),,40,2569-04-29 00:00:00,51675.33,บ.จงเคอ 3 ห้อง ชำระค่าเช่า เม.ย ไฟล์แยก ลำดับที่ 27 (เม.ษ),,,,,,,,,,,,,,,,,,,,,,,,,,,,,,,,,,,,,,,,,,,,,,,,
,,ค้างชำระ,,,,,บาท,,,2569-04-04 00:00:00,19777.11,,ค่าเช่า มี.ค ห้อง1032  (มี.ค),,41,2569-04-30 00:00:00,22484.73,  (ยอดที่ 1) บ.ยู่เฟิง ชำระค่าเช่า เม.ย ไฟล์แยก (เม.ย),,,,,,,,,,,,,,,,,,,,,,,,,,,,,,,,,,,,,,,,,,,,,,,,
,,รวม,,,,0,,,,2569-04-04 00:00:00,38081.9,,ค่าเช่า มี.ค ห้อง1013 / 1014  (มี.ค),,42,2569-04-30 00:00:00,12163.1, (ยอดที่ 2)  บ.ยู่เฟิง ชำระค่าเช่า เม.ย ไฟล์แยก (เม.ย),,,,,,,,,,,,,,,,,,,,,,,,,,,,,,,,,,,,,,,,,,,,,,,,
,,,,,,,,,,2569-04-04 00:00:00,998.93,,ห้อง4122 ชำระค่าประกัน router (เม.ย),,43,2569-04-30 00:00:00,46303.54, บ.ฟาร์อีส 6 ห้อง ชำระค่าเช่า เม.ย ไฟล์แยก ลำดับที่ 4 (เม.ษ),,,,,,,,,,,,,,,,,,,,,,,,,,,,,,,,,,,,,,,,,,,,,,,,
,,ทั่วไปค้างชำระรวม,,,,,,,,2569-04-06 00:00:00,9464.3,,ค่าเช่า มี.ค ห้อง3039  (มี.ค),,44,2569-04-30 00:00:00,40000, (ยอดที่ 2) บ.กว่างโจว 8 ห้อง  ชำระค่าเช่า เม.ย ไฟล์แยก (เม.ย),,,,,,,,,,,,,,,,,,,,,,,,,,,,,,,,,,,,,,,,,,,,,,,,
,,,,,,,,,17,2569-04-06 00:00:00,,,"109,521.65 บ.ไท่ซาน  7 ห้อง ชำระค่าเช่า มี.ค ไฟล์แยก ลำดับที่11  (มี.ค)",,45,2569-04-30 00:00:00,3843.44, อู้ฟู่ชา ชำระค่าน้ำ - ไฟ เม.ย ไฟล์แยก ลำดับที่ 10 (เม.ษ),,,,,,,,,,,,,,,,,,,,,,,,,,,,,,,,,,,,,,,,,,,,,,,,
,,,,,,,,,18,2569-04-06 00:00:00,,,"38,007.80 บ.อีสเทิร์นนส์ ร้านอาหารจีน  ชำระค่าเช่า มี.ค ไฟล์แยก ลำดับที่18  (มี.ค)",,46,2569-04-30 00:00:00,9199.2, บ.เซียวเซียงนัน ห้อง4052 ชำระค่าเช่า เม.ย ไฟล์แยก ลำดับที่ 12 (เม.ษ),,,,,,,,,,,,,,,,,,,,,,,,,,,,,,,,,,,,,,,,,,,,,,,,
,,,ทั่วไปค้างชำระ เม.ย 69,,,,,,19,2569-04-07 00:00:00,,,"38,431.74 บ.ฟาร์อีส 4 ห้อง ชำระค่าเช่า มี.ค ไฟล์แยก ลำดับที่4  (มี.ค)",,47,2569-04-30 00:00:00,26520, บ.กว่างโจว ประกัน+ล่วงหน้า Suite ห้อง3004 เข้าพัก 19/4/2569,,,,,,,,,,รวม,,0,,,,,,,,,,,,,,,,,,,,,,,,,,,,,,,,,,,,
,,,1025,,0,ค่าเช่า,,,,2569-04-07 00:00:00,6515.88,,ค่าเช่า มี.ค ห้อง3010  (มี.ค),,48,,,,,,,,,,,,,,,,,,,,,,,,,,,,,,,,,,,,,,,,,,,,,,,,,,,
,,,2032,,0,ค่า internet พนักงานเดลทัล,,,20,2569-04-07 00:00:00,,,"22,846.80 บ.ไชน่าสเตท Aohong Site 3 ห้อง ชำระค่าเช่า มี.ค ไฟล์แยก ลำดับที่3  (มี.ค)",,49,,,,,,,,,,,,,,,,,,,,,,,,,,,,,,,,,,,,,,,,,,,,,,,,,,,
,,,3002,,6378.76,ค่าเช่า  ตอนนี้อยู่จีน นัดชำระ อีก 2-3 วัน ,,,21,2569-04-07 00:00:00,,,"72,610.68 บ.ไชน่าสเตท Kinwong Site 9 ห้อง ชำระค่าเช่า มี.ค ไฟล์แยก ลำดับที่2  (มี.ค)",,,รวม,,2685050.0300000003,,,,,,,,,,,,,,,,,,,,,,,,,,,,,,,,,,,,,,,,,,,,,,,,
,,,3003,,0,ค่าเช่า,,,22,2569-04-07 00:00:00,,,"454,902.80 บ.เดลทัล 85 ห้อง ชำระค่าเช่า มี.ค ไฟล์แยก ลำดับที่5  (มี.ค)",,,,,,,,,,,,,,,,,,,,,,,,,,,,,,,,,,,,,,,,,,,,,,,,,,,,,
,,,3029,,0,ค่าเช่า,,,23,2569-04-07 00:00:00,,,"8,161.30 บ.เซียวเซียง - นัน  1 ห้อง ชำระค่าเช่า มี.ค ไฟล์แยก ลำดับที่12  (มี.ค)",,,,,,,,,,,,,,,,,,,,,,,,,,,,,,,,,,,,,,,,,,,,,,,,,,,,,
,,,3037,,0,ค่าเช่า,,,,2569-04-07 00:00:00,1000,,ห้อง5032 หนักงานคินวอง ชำระค่าประกัน router (เม.ย),,,,,,,,,,,,,,,,,,,,,,,,,,,,,,,,,,,,,,,,,,,,,,,,,,,,,
,,,4010,,0,ค่าเช่า,,,,2569-04-09 00:00:00,26151.1,,ค่าเช่า มี.ค ห้อง1007  (มี.ค),,,,,,,,,,,,,,,,,,,,,,,,,,,,,,,,,,,,,,,,,,,,,,,,,,,,,
,,,4043,,0,ค่าเช่า,,,,2569-04-09 00:00:00,21335.03,,ค่าเช่า มี.ค ห้อง1010  (มี.ค),,,,,,,,,,,,,,,,,,,,,,,,,,,,,,,,,,,,,,,,,,,,,,,,,,,,,
,,,4058,,0,ค่า internet พนักงานเดลทัล (อ้อมตาม),,,,2569-04-09 00:00:00,20255.4,,ค่าเช่า มี.ค ห้อง1018  (มี.ค),                                            ,,,,,,,,,,,,,,,,,,,,,,,,,,,,,,,,,,,,,,,,,,,,,,,,,,,,
,,,4081,,0,ค่าเช่า,,,,2569-04-09 00:00:00,2781.7,,ห้อง1025 ย้ายออกวันที่ 28/3/2569 ต้องชำระเพิ่ม (มี.ค) ,,,,,,,,,,,,,,,,,,,,,,,,,,,,,,,,,,,,,,,,,,,,,,,,,,,,,
,,,4091,,0,ค่าเช่า,,,,2569-04-09 00:00:00,1000,,ห้อง1031  ชำระค่าประกัน router (เม.ย),,,,,,,,,,,,,,,,,,,,,,,,,,,,,,,,,,,,,,,,,,,,,,,,,,,,,
,,,4130,,6072.9,ค่าเช่า,,,,2569-04-09 00:00:00,747.93,,ห้อง2009 พนักงานเดลทัล ชำระค่า internet ใช้งาน 1-31/3/2569 (มี.ค),,,,,,,,,,,,,,,,,,,,,,,,,,,,,,,,,,,,,,,,,,,,,,,,,,,,,
,,,5022,,0,ค่า internet พนักงานคินวอง (ชำระ 8/5/69),,,,2569-04-09 00:00:00,12845.5,,ค่าเช่า มี.ค ห้อง4001  (มี.ค),,,,,,,,,,,,,,,,,,,,,,,,,,,,,,,,,,,,,,,,,,,,,,,,,,,,,
,,,2024,,0,พนง หัวเฉิง ผู้เช่า ชำระค่าน้ำไฟ เอง,,,,2569-04-09 00:00:00,300,,ห้อง4008 ค่าปรับเปิดห้อง นอกเวลาทำการ 6/4/2569 เวลา 21:20 น (เม.ย) ,,,,,,,,,,,,,,,,,,,,,,,,,,,,,,,,,,,,,,,,,,,,,,,,,,,,,
,,,รวม,,12451.66,,,,,2569-04-09 00:00:00,9528.5,,ค่าเช่า มี.ค ห้อง4010  (มี.ค),,,,,,,,,,,,,,,,,,,,,,,,,,,,,,,,,,,,,,,,,,,,,,,,,,,,,
,,,,,,,,,,2569-04-09 00:00:00,9753.2,,ค่าเช่า มี.ค ห้อง4110  (มี.ค),,,,,,,,,,,,,,,,,,,,,,,,,,,,,,,,,,,,,,,,,,,,,,,,,,,,,
,,,,,,,,,,2569-04-09 00:00:00,10554.63,,ค่าเช่า มี.ค ห้อง4112  (มี.ค),,,,,,,,,,,,,,,,,,,,,,,,,,,,,,,,,,,,,,,,,,,,,,,,,,,,,
,,,,,,,,,,2569-04-09 00:00:00,8372,,ค่าเช่า มี.ค ห้อง4124  (มี.ค),,,,,,,,,,,,,,,,,,,,,,,,,,,,,,,,,,,,,,,,,,,,,,,,,,,,,
,,,,,,,,,24,2569-04-09 00:00:00,,,"84,879.84 บ.Aohong 14 ห้อง ชำระค่าเช่า มี.ค ไฟล์แยก ลำดับที่28  (มี.ค)",,,,,,,,,,,,,,,,,,,,,,,,,,,,,,,,,,,,,,,,,,,,,,,,,,,,,
,,,,,,,,,,2569-04-09 00:00:00,1000,,ห้อง5006  ชำระค่าประกัน router (เม.ย),,,,,,,,,,,,,,,,,,,,,,,,,,,,,,,,,,,,,,,,,,,,,,,,,,,,,
,,,,,,,,,,2569-04-10 00:00:00,4000,,ห้อง5021 5022 5028 5036  ชำระค่าประกัน router (เม.ย),,,,,,,,,,,,,,,,,,,,,,,,,,,,,,,,,,,,,,,,,,,,,,,,,,,,,
,,,,,,,,,,2569-04-10 00:00:00,9325.2,,ค่าเช่า มี.ค ห้อง2023  (มี.ค),,,,,,,,,,,,,,,,,,,,,,,,,,,,,,,,,,,,,,,,,,,,,,,,,,,,,
,,,,,,,,,,2569-04-10 00:00:00,9154,,ค่าเช่า มี.ค ห้อง2027  (มี.ค),,,,,,,,,,,,,,,,,,,,,,,,,,,,,,,,,,,,,,,,,,,,,,,,,,,,,
,,,,,,,,,,2569-04-10 00:00:00,623.28,,ห้อง2032 พนักงานเดลทัล ชำระค่า internet ใช้งาน 6-31/3/2569 (มี.ค),,,,,,,,,,,,,,,,,,,,,,,,,,,,,,,,,,,,,,,,,,,,,,,,,,,,,
,,,,,,,,,25,2569-04-10 00:00:00,,," 107,250 บ.คินวอง ชำระค่าประกัน+ล่วงหน้า 10 ห้อง Studio 5021 - 5030 เข้าพัก 31/3/2569 ไฟล์แยกลำดับที่ 1 (มี.ค)",,,,,,,,,,,,,,,,,,,,,,,,,,,,,,,,,,,,,,,,,,,,,,,,,,,,,
,,,,,,,,,26,2569-04-10 00:00:00,,,"10,725 บ.คินวอง ชำระประกัน + ล่วงหน้า (เพิ่ม) ห้อง3004 Studio เป็น Suite เมื่อวันที่  1/3/69 ไฟล์แยก (มี.ค)",,,,,,,,,,,,,,,,,,,,,,,,,,,,,,,,,,,,,,,,,,,,,,,,,,,,,
,,,,,,,,,27,2569-04-10 00:00:00,,,"258,604.22 บ.คินวอง  48 ห้อง ชำระค่าเช่า มี.ค ไฟล์แยก ลำดับที่1 (เม.ย)",,,,,,,,,,,,,,,,,,,,,,,,,,,,,,,,,,,,,,,,,,,,,,,,,,,,,
,,,,,,,,,,2569-04-10 00:00:00,8405,,ค่าเช่า มี.ค ห้อง4113  (มี.ค),,,,,,,,,,,,,,,,,,,,,,,,,,,,,,,,,,,,,,,,,,,,,,,,,,,,,
,,,,,,,,,28,2569-04-11 00:00:00,,,"15,954 บ.ไท่เต๋อฝู 1 ห้อง ชำระค่าเช่า มี.ค ไฟล์แยก ลำดับที่22  (มี.ค)",,,,,,,,,,,,,,,,,,,,,,,,,,,,,,,,,,,,,,,,,,,,,,,,,,,,,
,,,,,,,,,,2569-04-11 00:00:00,9068.4,,ค่าเช่า มี.ค ห้อง3037  (มี.ค),,,,,,,,,,,,,,,,,,,,,,,,,,,,,,,,,,,,,,,,,,,,,,,,,,,,,
,,,,,,,,,29,2569-04-11 00:00:00,,,"13,600 บ.ยูไท่ ชำระค่าประกัน + ค่าเช่าล่วงหน้า ห้อง4043 เข้าพัก 11/4/2569 ไฟล์แยก ลำดับที่ 31 (เม.ย)",,,,,,,,,,,,,,,,,,,,,,,,,,,,,,,,,,,,,,,,,,,,,,,,,,,,,
,,,,,,,,,,2569-04-15 00:00:00,373.96,,ห้อง1021 พนักงานรันเนอจี ชำระค่า internet ใช้งาน 15-30/4/2569 (เม.ย),,,,,,,,,,,,,,,,,,,,,,,,,,,,,,,,,,,,,,,,,,,,,,,,,,,,,
,,,,,,,,,30,2569-04-16 00:00:00,,,"13,600 บ.ไท่ซาน ชำระค่าประกัน + ล่วงหน้า ห้อง4119 เข้าพัก 15/4/2569 ไฟล์แยก ลำดับที่11 (เม.ย) ",,,,,,,,,,,,,,,,,,,,,,,,,,,,,,,,,,,,,,,,,,,,,,,,,,,,,
,,,,,,,,,,2569-04-16 00:00:00,4991.13,,"ห้อง4130 ชำระค่าเช่า มี.ค ยอดจริง 4,992.20 จ่ายผ่านเครื่อง EDC ยอดหักไป 1.07 บ. (มี.ค)",,,,,,,,,,,,,,,,,,,,,,,,,,,,,,,,,,,,,,,,,,,,,,,,,,,,,
,,,,,,,,,,2569-04-17 00:00:00,342.4,,ผู้รับเหมา หจก.ชัยณัฎฐนนท์ (คุณน้ำฝน) ชำระค่าไฟ (มี.ค),,,,,,,,,,,,,,,,,,,,,,,,,,,,,,,,,,,,,,,,,,,,,,,,,,,,,
,,,,,,,,,31,2569-04-17 00:00:00,,,"23,400 บ.ฟาร์อีส ชำระค่าประกัน + ค่าเช่าล่วงหน้า ห้อง 5001 5002 เข้าพัก 18/4/2569 ไฟล์แยก ลำดับที่ 4 (เม.ย)",,,,,,,,,,,,,,,,,,,,,,,,,,,,,,,,,,,,,,,,,,,,,,,,,,,,,
,,,,,,,,,,2569-04-18 00:00:00,27200,, Suite3002 ค่าประกัน + ค่าเช่าล่วงหน้า  เข้าพัก 18/4/2569 (เม.ย),,,,,,,,,,,,,,,,,,,,,,,,,,,,,,,,,,,,,,,,,,,,,,,,,,,,,
,,,,,,,,,,2569-04-22 00:00:00,13600,,ห้อง4091 ประกัน + ค่าเช่าล่วงหน้า  เข้าพัก 22/4/2569 (เม.ย),,,,,,,,,,,,,,,,,,,,,,,,,,,,,,,,,,,,,,,,,,,,,,,,,,,,,
,,,,,,,,,32,2569-04-27 00:00:00,,,"13,260 บ.ไสออนนน์ ชำระค่าประกัน + ล่วงหน้า ห้อง2027 เข้าพัก 18/4/2569 ไฟล์แยก ลำดับที่13 (เม.ย) ",,,,,,,,,,,,,,,,,,,,,,,,,,,,,,,,,,,,,,,,,,,,,,,,,,,,,
,,,,,,,,,,2569-04-28 00:00:00,4900,,ห้อง1029 ค่าเช่า เม.ย  ส่วนพนักงานชำระเอง (เม.ย),,,,,,,,,,,,,,,,,,,,,,,,,,,,,,,,,,,,,,,,,,,,,,,,,,,,,
,,,,,,,,,,2569-04-28 00:00:00,747.93,,ห้อง1029 ชำระค่า internet ใช้งาน 1-30/4/2569 (เม.ย),,,,,,,,,,,,,,,,,,,,,,,,,,,,,,,,,,,,,,,,,,,,,,,,,,,,,
,,,,,,,,,33,2569-04-29 00:00:00,,,"11,676.25 บ.หัวเฉิง ห้อง2028 ชำระค่าเช่า ค่าน้ำ ค่าไฟ เม.ย ไฟล์แยก (เม.ย)",,,,,,,,,,,,,,,,,,,,,,,,,,,,,,,,,,,,,,,,,,,,,,,,,,,,,
,,,,,,,,,34,2569-04-29 00:00:00,,,"6,460 บ.หัวเฉิง ห้อง2024 ชำระค่าเช่า เม.ย (ค่าน้ำ-ค่าไฟ พนักงานชำระเอง ออกใบแจ้งหนี้แยก) ไฟล์แยก (เม.ย)",,,,,,,,,,,,,,,,,,,,,,,,,,,,,,,,,,,,,,,,,,,,,,,,,,,,,
,,,,,,,,,35,2569-04-29 00:00:00,,,"7,704 บ.แอทฟาร์มชัวร์  (ร้านมินิมาร์ท) ชำระ ค่าน้ำ ค่าไฟ เม.ย ไฟล์แยก (เม.ย)",,,,,,,,,,,,,,,,,,,,,,,,,,,,,,,,,,,,,,,,,,,,,,,,,,,,,
,,,,,,,,,,2569-04-29 00:00:00,748,,โอนเกิน 0.7 ห้อง2051 ชำระค่า internet 747.93 ใช้งาน 1-30/4/2569 (เม.ย),,,,,,,,,,,,,,,,,,,,,,,,,,,,,,,,,,,,,,,,,,,,,,,,,,,,,
,,,,,,,,,36,2569-04-29 00:00:00,,,"44,482.36 (ยอดที่ 1) บ.กว่างโจว 8 ห้อง  ชำระค่าเช่า เม.ย ไฟล์แยก (เม.ย)",,,,,,,,,,,,,,,,,,,,,,,,,,,,,,,,,,,,,,,,,,,,,,,,,,,,,
,,,,,,,,,37,2569-04-29 00:00:00,,,"7,599.55 บ.สกายเคม ห้อง4053 ชำระค่าเช่า ค่าน้ำ ค่าไฟ เม.ย ไฟล์แยก (เม.ย)",,,,,,,,,,,,,,,,,,,,,,,,,,,,,,,,,,,,,,,,,,,,,,,,,,,,,
,,,,,,,,,38,2569-04-29 00:00:00,,,"117,166.30 บ.สตาร์ฮับ ชำระค่าเช่า เม.ย ไฟล์แยก (เม.ษ)",,,,,,,,,,,,,,,,,,,,,,,,,,,,,,,,,,,,,,,,,,,,,,,,,,,,,
,,,,,,,,,,2569-04-29 00:00:00,747.93,,(ชำระย้อนหลัง - ยอดตกหล่น) ห้อง1014 ชำระค่า internet ใช้งาน 1-30/3/2569 (มี.ค),,,,,,,,,,,,,,,,,,,,,,,,,,,,,,,,,,,,,,,,,,,,,,,,,,,,,
,,,,,,,,,39,2569-04-29 00:00:00,,,"175,500 บ.คินวอง ชำระค่าประกัน + ค่าเช่าล่วงหน้า 20 ห้อง 5019 -5020 5037-5054 เข้าพัก 11/4/69 ไฟล์แยก (เม.ย) ",,,,,,,,,,,,,,,,,,,,,,,,,,,,,,,,,,,,,,,,,,,,,,,,,,,,,
,,,,,,,,,40,2569-04-29 00:00:00,,,"51,675.33 บ.จงเคอ 3 ห้อง ชำระค่าเช่า เม.ย ไฟล์แยก ลำดับที่ 27 (เม.ษ)",,,,,,,,,,,,,,,,,,,,,,,,,,,,,,,,,,,,,,,,,,,,,,,,,,,,,
,,,,,,,,,,2569-04-29 00:00:00,275,,โอนเกิน 0.86 ห้อง5046 ชำระค่า internet 274.24 ใช้งาน 20-30/4/2569 (เม.ย),,,,,,,,,,,,,,,,,,,,,,,,,,,,,,,,,,,,,,,,,,,,,,,,,,,,,
,,,,,,,,,,2569-04-29 00:00:00,747.93,,ห้อง2054 ชำระค่า internet ใช้งาน 1-30/4/2569 (เม.ย),,,,,,,,,,,,,,,,,,,,,,,,,,,,,,,,,,,,,,,,,,,,,,,,,,,,,
,,,,,,,,,41,2569-04-30 00:00:00,,,"22,484.73  (ยอดที่ 1)  บ.ยู่เฟิง ชำระค่าเช่า เม.ย ไฟล์แยก (เม.ย)",,,,,,,,,,,,,,,,,,,,,,,,,,,,,,,,,,,,,,,,,,,,,,,,,,,,,
,,,,,,,,,42,2569-04-30 00:00:00,,,"12,163.10  (ยอดที่ 2)  บ.ยู่เฟิง ชำระค่าเช่า เม.ย ไฟล์แยก (เม.ย)",,,,,,,,,,,,,,,,,,,,,,,,,,,,,,,,,,,,,,,,,,,,,,,,,,,,,
,,,,,,,,,,2569-04-30 00:00:00,749,,โอนเกิน 1.07 ห้อง4066 ชำระค่า internet ใช้งาน 1-30/4/2569 (เม.ย),,,,,,,,,,,,,,,,,,,,,,,,,,,,,,,,,,,,,,,,,,,,,,,,,,,,,
,,,,,,,,,,2569-04-30 00:00:00,747.93,, ห้อง4077 ชำระค่า internet ใช้งาน 1-30/4/2569 (เม.ย),,,,,,,,,,,,,,,,,,,,,,,,,,,,,,,,,,,,,,,,,,,,,,,,,,,,,
,,,,,,,,,43,2569-04-30 00:00:00,,,"46,303.54 บ.ฟาร์อีส 6 ห้อง ชำระค่าเช่า เม.ย ไฟล์แยก ลำดับที่ 4 (เม.ษ)",,,,,,,,,,,,,,,,,,,,,,,,,,,,,,,,,,,,,,,,,,,,,,,,,,,,,
,,,,,,,,,44,2569-04-30 00:00:00,,,"40,000 (ยอดที่ 2) บ.กว่างโจว 8 ห้อง  ชำระค่าเช่า เม.ย ไฟล์แยก (เม.ย)",,,,,,,,,,,,,,,,,,,,,,,,,,,,,,,,,,,,,,,,,,,,,,,,,,,,,
,,,,,,,,,,2569-04-30 00:00:00,747.93,, ห้อง4007 ชำระค่า internet ใช้งาน 1-30/4/2569 (เม.ย),,,,,,,,,,,,,,,,,,,,,,,,,,,,,,,,,,,,,,,,,,,,,,,,,,,,,
,,,,,,,,,,2569-04-30 00:00:00,9004.2,,ค่าเช่า เม.ย ห้อง4132  (เม.ย),,,,,,,,,,,,,,,,,,,,,,,,,,,,,,,,,,,,,,,,,,,,,,,,,,,,,
,,,,,,,,,,2569-04-30 00:00:00,7431.8,,ค่าเช่า เม.ย ห้อง3024  (เม.ย),,,,,,,,,,,,,,,,,,,,,,,,,,,,,,,,,,,,,,,,,,,,,,,,,,,,,
,,,,,,,,,45,2569-04-30 00:00:00,,,"3,843.44 อู้ฟู่ชา ชำระค่าน้ำ - ไฟ เม.ย ไฟล์แยก ลำดับที่ 10 (เม.ษ)",,,,,,,,,,,,,,,,,,,,,,,,,,,,,,,,,,,,,,,,,,,,,,,,,,,,,
,,,,,,,,,,2569-04-30 00:00:00,6145.66,,ค่าเช่า เม.ย ห้อง3009  (เม.ย),,,,,,,,,,,,,,,,,,,,,,,,,,,,,,,,,,,,,,,,,,,,,,,,,,,,,
,,,,,,,,,,2569-04-30 00:00:00,6361.8,,ค่าเช่า เม.ย ห้อง3041  (เม.ย),,,,,,,,,,,,,,,,,,,,,,,,,,,,,,,,,,,,,,,,,,,,,,,,,,,,,
,,,,,,,,,46,2569-04-30 00:00:00,,,"9,199.20 บ.เซียวเซียงนัน ห้อง4052 ชำระค่าเช่า เม.ย ไฟล์แยก ลำดับที่ 12 (เม.ย)",,,,,,,,,,,,,,,,,,,,,,,,,,,,,,,,,,,,,,,,,,,,,,,,,,,,,
,,,,,,,,,,2569-04-30 00:00:00,623.28,, ห้อง5032 ชำระค่า internet ใช้งาน 6-30/4/2569 (เม.ย),,,,,,,,,,,,,,,,,,,,,,,,,,,,,,,,,,,,,,,,,,,,,,,,,,,,,
,,,,,,,,,47,2569-04-30 00:00:00,,,"26,520 บ.กว่างโจว ประกัน+ล่วงหน้า Suite ห้อง3004 เข้าพัก 19/4/2569 ไฟล์แยก (เม.ย)",,,,,,,,,,,,,,,,,,,,,,,,,,,,,,,,,,,,,,,,,,,,,,,,,,,,,
,,,,,,,,,,,,,,,,,,,,,,,,,,,,,,,,,,,,,,,,,,,,,,,,,,,,,,,,,,,,,,,,,,
,,,,,,,,,,,,,,,,,,,,,,,,,,,,,,,,,,,,,,,,,,,,,,,,,,,,,,,,,,,,,,,,,,
,,,,,,,,,,,,,,,,,,,,,,,,,,,,,,,,,,,,,,,,,,,,,,,,,,,,,,,,,,,,,,,,,,
,,,,,,,,,,,,,,,,,,,,,,,,,,,,,,,,,,,,,,,,,,,,,,,,,,,,,,,,,,,,,,,,,,
,,,,,,,,,,,,,,,,,,,,,,,,,,,,,,,,,,,,,,,,,,,,,,,,,,,,,,,,,,,,,,,,,,
,,,,,,,,,,รวมยอดโอนเข้าทั้งหมด,,,560913.5800000005,,,,,,,,,,,,,,,,,,,,,,,,,,,,,,,,,,,,,,,,,,,,,,,,,,,,,
